,ROA,ROE,cash_flow,Annual_yield,Daily_yield,Max_withdraw,Var10,Var5,active_profit_annual,active_profit_daily,active_profit_total,active_risk,alpha,beta,downside_risk,total_yield,varance,win_rate,ind,news,clu
0,0.375,0.625,0.375,0.25,0.25,0.75,0.625,0.625,0.25,0.25,0.25,0.625,0.5,0.5,0.5,0.25,0.625,0.375,0.4230769230769231,2.0,2
1,0.6363636363636364,0.5227272727272727,0.6071428571428571,0.5974025974025974,0.5974025974025974,0.6233766233766234,0.6461038961038961,0.6136363636363636,0.5941558441558441,0.5941558441558441,0.5974025974025974,0.5681818181818182,0.5941558441558441,0.564935064935065,0.6396103896103896,0.6298701298701299,0.5811688311688312,0.5422077922077922,0.39939370973853744,1.826086956521739,2
2,0.4375,0.375,0.6875,0.625,0.625,0.5,0.9375,1.0,0.625,0.625,0.625,0.375,0.5625,0.3125,0.3125,0.5625,0.375,0.4375,0.6153846153846154,1.0,2
3,0.5,0.5,0.6428571428571429,0.6785714285714286,0.6785714285714286,0.75,0.7142857142857143,0.6071428571428571,0.7142857142857143,0.7142857142857143,0.6785714285714286,0.5714285714285714,0.5357142857142857,0.75,0.6071428571428571,0.75,0.6071428571428571,0.5714285714285714,0.5915750915750916,5.0,1
4,0.5,0.25,0.25,0.75,0.75,0.75,0.5,0.5,0.75,0.75,1.0,0.75,0.75,0.5,0.75,1.0,0.75,1.0,0.16483516483516486,0.0,4
5,0.65,0.4583333333333333,0.6666666666666666,0.6583333333333333,0.6583333333333333,0.5666666666666667,0.75,0.6833333333333333,0.6666666666666666,0.6666666666666666,0.6333333333333333,0.475,0.5166666666666667,0.7083333333333334,0.6166666666666667,0.675,0.5,0.6,0.4296703296703296,1.3333333333333333,4
6,0.25,0.25,0.75,0.75,0.75,0.25,1.0,1.0,0.75,0.75,0.75,0.25,0.5,0.25,0.25,0.75,0.25,0.25,0.7252747252747253,0.0,3
7,0.375,0.25,0.875,0.625,0.625,0.25,0.875,0.75,0.625,0.625,0.625,0.5,0.25,0.625,0.375,0.625,0.375,0.5,0.0989010989010989,2.0,2
8,0.5833333333333334,0.5833333333333334,0.5833333333333334,0.5833333333333334,0.5833333333333334,0.75,0.8333333333333334,0.75,0.5833333333333334,0.5833333333333334,0.5833333333333334,0.5,0.5,0.5,0.5,0.5833333333333334,0.5,0.3333333333333333,0.5238095238095238,1.6666666666666667,2
9,0.5333333333333333,0.5333333333333333,0.7166666666666667,0.6666666666666666,0.6666666666666666,0.7,0.7333333333333333,0.75,0.6666666666666666,0.6666666666666666,0.6666666666666666,0.5,0.6833333333333333,0.6333333333333333,0.5,0.7166666666666667,0.5166666666666667,0.4833333333333333,0.43256743256743263,2.0,2
10,0.5526315789473685,0.5921052631578947,0.5526315789473685,0.4868421052631579,0.4868421052631579,0.7368421052631579,0.5131578947368421,0.4736842105263158,0.4868421052631579,0.4868421052631579,0.4736842105263158,0.7631578947368421,0.7894736842105263,0.7236842105263158,0.7368421052631579,0.4868421052631579,0.7894736842105263,0.6447368421052632,0.5171703296703297,1.0,4
11,0.75,0.5,0.25,1.0,1.0,0.5,1.0,1.0,1.0,1.0,1.0,0.25,0.75,0.5,0.25,1.0,0.25,0.25,0.0,1.0,4
12,0.375,0.4375,0.5625,0.5625,0.5625,0.5625,0.75,0.6875,0.5625,0.5625,0.5625,0.4375,0.375,0.5,0.5625,0.5625,0.4375,0.4375,0.2271062271062271,1.0,4
13,0.25,0.25,0.5,0.75,0.75,0.75,0.25,0.25,0.75,0.75,1.0,0.75,0.75,1.0,1.0,1.0,0.75,1.0,0.42857142857142855,0.0,4
14,0.6388888888888888,0.6666666666666666,0.5833333333333334,0.75,0.75,0.8888888888888888,0.6944444444444444,0.6388888888888888,0.75,0.75,0.75,0.8055555555555556,0.8888888888888888,0.6944444444444444,0.6388888888888888,0.75,0.8055555555555556,0.8611111111111112,0.4739010989010989,1.6666666666666667,2
15,0.4807692307692308,0.5576923076923077,0.7115384615384616,0.5,0.5,0.40384615384615385,0.7884615384615384,0.8076923076923077,0.4807692307692308,0.4807692307692308,0.4807692307692308,0.5,0.5769230769230769,0.5384615384615384,0.38461538461538464,0.5192307692307693,0.5,0.4230769230769231,0.3876123876123876,1.0,4
16,0.75,0.8333333333333334,0.75,0.6666666666666666,0.6666666666666666,0.6666666666666666,0.4166666666666667,0.3333333333333333,0.6666666666666666,0.6666666666666666,0.6666666666666666,0.9166666666666666,0.75,0.6666666666666666,0.8333333333333334,0.6666666666666666,0.9166666666666666,0.6666666666666666,0.5238095238095238,1.5,2
17,0.375,0.625,0.5,0.625,0.625,1.0,0.25,0.25,0.625,0.625,0.625,1.0,0.875,0.625,0.875,0.625,1.0,0.625,0.7032967032967034,0.0,4
18,0.45,0.425,0.725,0.575,0.575,0.725,0.45,0.425,0.475,0.475,0.475,0.8,0.45,0.875,0.825,0.475,0.825,0.35,0.5653235653235653,2.0,2
19,0.5,0.5,0.5,0.75,0.75,0.75,0.5,0.5,0.75,0.75,0.75,0.75,0.5,0.5,1.0,0.75,0.75,0.5,0.2967032967032967,0.0,4
20,0.625,0.6845238095238095,0.5714285714285714,0.75,0.75,0.6964285714285714,0.5595238095238095,0.5416666666666666,0.7380952380952381,0.7380952380952381,0.7380952380952381,0.7619047619047619,0.7261904761904762,0.5773809523809523,0.6845238095238095,0.7261904761904762,0.7380952380952381,0.6488095238095238,0.4353587588881707,2.090909090909091,2
21,0.25,0.25,0.75,0.25,0.25,0.5,1.0,1.0,0.25,0.25,0.25,0.25,0.25,0.25,0.25,0.25,0.25,0.5,0.0,0.0,3
22,0.6226655348047538,0.5747028862478778,0.6311544991511036,0.6782682512733447,0.6782682512733447,0.6960950764006791,0.4872665534804754,0.5152801358234296,0.6918505942275043,0.6918505942275043,0.6884550084889643,0.7491511035653651,0.7071307300509337,0.6434634974533107,0.6960950764006791,0.6778438030560272,0.7491511035653651,0.6719015280135824,0.4089137953679792,1.725,2
23,1.0,1.0,0.625,0.875,0.875,0.75,1.0,1.0,0.875,0.875,0.875,0.375,0.5,0.75,0.375,0.875,0.375,0.25,0.6318681318681318,1.0,4
24,0.5,0.625,0.75,0.375,0.375,0.375,0.875,1.0,0.375,0.375,0.375,0.375,0.5,0.625,0.25,0.375,0.375,0.375,0.7692307692307693,1.0,2
25,0.5,0.5,0.25,0.25,0.25,1.0,0.25,0.25,0.25,0.25,0.25,1.0,1.0,0.75,1.0,0.25,1.0,0.25,0.7142857142857143,0.0,3
26,0.75,1.0,0.25,0.75,0.75,1.0,0.25,0.5,0.75,0.75,0.75,1.0,1.0,0.25,0.75,0.75,1.0,0.25,0.2857142857142857,2.0,2
27,0.5625,0.625,0.59375,0.78125,0.78125,0.6875,0.71875,0.71875,0.78125,0.78125,0.78125,0.53125,0.5,0.6875,0.65625,0.78125,0.53125,0.65625,0.4866562009419152,1.0,4
28,0.5,0.6666666666666666,0.5833333333333334,0.4166666666666667,0.4166666666666667,0.4166666666666667,0.9166666666666666,0.9166666666666666,0.4166666666666667,0.4166666666666667,0.4166666666666667,0.25,0.5,0.25,0.25,0.5,0.25,0.5,0.42857142857142855,2.0,2
29,1.0,0.75,0.25,0.5,0.5,0.5,0.5,0.75,0.5,0.5,0.5,0.5,0.5,1.0,0.5,0.5,0.5,1.0,0.3516483516483517,0.0,4
30,0.75,0.75,0.25,0.75,0.75,0.75,1.0,1.0,0.75,0.75,0.75,0.25,0.25,1.0,0.25,0.75,0.25,0.25,0.0,0.0,3
31,0.75,0.7884615384615384,0.5,0.5769230769230769,0.5769230769230769,0.5769230769230769,0.6538461538461539,0.6538461538461539,0.5769230769230769,0.5769230769230769,0.5769230769230769,0.6153846153846154,0.6538461538461539,0.6346153846153846,0.5576923076923077,0.5961538461538461,0.6153846153846154,0.7884615384615384,0.4871794871794872,2.0,2
32,0.5,0.7142857142857143,0.6428571428571429,0.75,0.75,0.5357142857142857,0.7142857142857143,0.6785714285714286,0.6428571428571429,0.6428571428571429,0.6071428571428571,0.5357142857142857,0.42857142857142855,0.6428571428571429,0.5357142857142857,0.7142857142857143,0.5357142857142857,0.8928571428571429,0.391941391941392,0.0,4
33,0.6887755102040817,0.5102040816326531,0.5510204081632653,0.6785714285714286,0.6785714285714286,0.5612244897959183,0.5306122448979592,0.5255102040816326,0.6734693877551021,0.6734693877551021,0.6734693877551021,0.7244897959183674,0.6275510204081632,0.7295918367346939,0.7142857142857143,0.6734693877551021,0.7244897959183674,0.6734693877551021,0.4270864270864271,1.5454545454545454,2
34,0.5,0.75,0.75,0.5,0.5,0.75,0.75,1.0,0.5,0.5,0.5,0.25,0.75,0.25,0.25,0.5,0.25,0.25,0.24175824175824176,2.0,2
35,0.5230769230769231,0.5038461538461538,0.6307692307692307,0.6038461538461538,0.6038461538461538,0.5346153846153846,0.7230769230769231,0.7269230769230769,0.6,0.6,0.5884615384615385,0.5076923076923077,0.55,0.6,0.5038461538461538,0.6153846153846154,0.5192307692307693,0.5653846153846154,0.4967032967032968,1.6470588235294117,2
36,0.75,0.75,0.75,0.5,0.5,0.25,0.5,0.75,0.5,0.5,0.5,0.5,0.25,1.0,0.75,0.5,0.5,0.75,0.7692307692307693,1.0,2
37,0.6326530612244898,0.6326530612244898,0.5714285714285714,0.6887755102040817,0.6887755102040817,0.5765306122448979,0.6734693877551021,0.6836734693877551,0.6989795918367347,0.6989795918367347,0.6989795918367347,0.5357142857142857,0.6173469387755102,0.6530612244897959,0.6071428571428571,0.6836734693877551,0.5459183673469388,0.7142857142857143,0.4589828775875288,2.2857142857142856,2
38,0.45,0.5,0.65,1.0,1.0,0.9,0.3,0.3,1.0,1.0,1.0,0.85,0.9,0.85,0.9,0.95,0.85,0.85,0.3901098901098901,1.0,4
39,0.6612903225806451,0.8548387096774194,0.717741935483871,0.6048387096774194,0.6048387096774194,0.532258064516129,0.8951612903225806,0.8709677419354839,0.6048387096774194,0.6048387096774194,0.6048387096774194,0.3951612903225806,0.5403225806451613,0.4596774193548387,0.4032258064516129,0.6209677419354839,0.3951612903225806,0.4838709677419355,0.3633699633699633,2.294117647058824,2
40,1.0,1.0,0.25,1.0,1.0,0.75,1.0,1.0,1.0,1.0,1.0,0.25,0.75,0.5,0.25,1.0,0.25,0.25,0.0,0.0,4
41,0.25,0.75,0.5,0.25,0.25,0.25,0.25,0.25,0.25,0.25,0.25,0.75,0.5,0.5,1.0,0.25,1.0,0.75,0.2857142857142857,0.0,3
42,1.0,1.0,1.0,0.5,0.5,0.25,1.0,1.0,0.5,0.5,0.5,0.25,0.75,0.25,0.25,0.5,0.25,0.25,0.0,2.0,2
43,0.5,0.5,1.0,0.75,0.75,0.75,0.75,0.5,0.75,0.75,0.75,0.5,0.5,0.75,0.75,0.75,0.5,0.5,0.31868131868131866,0.0,3
44,0.7142857142857143,0.6428571428571429,0.7380952380952381,0.6190476190476191,0.6190476190476191,0.4047619047619048,0.9404761904761904,0.9166666666666666,0.6309523809523809,0.6309523809523809,0.6071428571428571,0.2976190476190476,0.4880952380952381,0.35714285714285715,0.30952380952380953,0.6666666666666666,0.30952380952380953,0.4166666666666667,0.5714285714285715,1.4285714285714286,2
45,0.6071428571428571,0.7857142857142857,0.3928571428571429,0.6428571428571429,0.6428571428571429,0.5714285714285714,0.6428571428571429,0.7142857142857143,0.7142857142857143,0.7142857142857143,0.7142857142857143,0.6071428571428571,0.7142857142857143,0.42857142857142855,0.5357142857142857,0.6071428571428571,0.6071428571428571,0.6071428571428571,0.4597069597069597,2.0,2
46,0.625,0.625,0.625,0.75,0.75,0.75,0.625,0.625,0.625,0.625,0.625,0.625,0.625,0.625,0.625,0.625,0.625,0.375,0.7912087912087912,1.0,4
47,0.5625,0.6875,0.6875,0.75,0.75,0.625,0.5,0.5,0.75,0.75,0.75,0.6875,0.75,0.6875,0.6875,0.8125,0.6875,0.875,0.4835164835164835,2.0,2
48,0.6083333333333333,0.6208333333333333,0.6166666666666667,0.5791666666666667,0.5791666666666667,0.6958333333333333,0.5916666666666667,0.625,0.6,0.6,0.5875,0.6791666666666667,0.6833333333333333,0.4958333333333334,0.6125,0.575,0.6666666666666666,0.5708333333333333,0.4166666666666665,1.0625,4
49,0.25,0.25,0.75,0.25,0.25,0.5,1.0,1.0,0.25,0.25,0.25,0.25,0.25,0.25,0.25,0.25,0.25,0.5,0.0,0.0,3
50,0.5,0.5,0.25,0.25,0.25,0.75,0.5,0.25,0.25,0.25,0.25,0.75,0.5,1.0,0.75,0.25,0.75,0.75,0.7142857142857143,0.0,3
51,1.0,0.75,0.5,1.0,1.0,0.5,0.25,0.5,1.0,1.0,1.0,1.0,1.0,0.25,0.75,1.0,1.0,1.0,0.15384615384615385,0.0,4
52,0.5,0.5,0.4583333333333333,0.375,0.375,0.4583333333333333,0.5833333333333334,0.6666666666666666,0.375,0.375,0.375,0.5416666666666666,0.5833333333333334,0.5416666666666666,0.5416666666666666,0.375,0.5,0.5,0.38461538461538464,0.0,3
53,0.75,0.8333333333333334,0.6666666666666666,0.5833333333333334,0.5833333333333334,0.75,0.6666666666666666,0.5833333333333334,0.75,0.75,0.75,0.6666666666666666,0.8333333333333334,0.4166666666666667,0.75,0.5833333333333334,0.5833333333333334,0.8333333333333334,0.2967032967032967,1.0,4
54,0.75,0.625,0.5,0.5,0.5,0.5625,0.875,0.875,0.5,0.5,0.5,0.375,0.25,0.625,0.4375,0.5,0.375,0.3125,0.42857142857142855,0.0,3
55,0.5,0.625,0.5,0.5,0.5,0.625,0.75,0.625,0.5,0.5,0.5,0.5,0.375,0.875,0.75,0.5,0.5,0.75,0.4065934065934066,0.0,3
56,0.4375,0.9375,1.0,1.0,1.0,0.625,0.6875,0.8125,1.0,1.0,1.0,0.8125,1.0,0.3125,0.25,0.9375,0.8125,0.4375,0.5796703296703297,2.0,2
57,0.6547619047619048,0.5357142857142857,0.5833333333333334,0.7976190476190477,0.7976190476190477,0.5714285714285714,0.6190476190476191,0.6428571428571429,0.8095238095238095,0.8095238095238095,0.7976190476190477,0.5595238095238095,0.6785714285714286,0.5952380952380952,0.5476190476190477,0.8095238095238095,0.5595238095238095,0.6904761904761905,0.3777472527472528,1.3,4
58,0.25,1.0,0.75,0.75,0.75,0.75,1.0,0.75,1.0,1.0,1.0,0.25,0.75,0.5,0.5,1.0,0.25,0.25,0.27472527472527475,0.0,4
59,0.75,0.75,1.0,0.5,0.5,0.5,0.25,0.25,0.5,0.5,0.5,0.75,0.5,0.75,1.0,0.5,1.0,0.75,0.08791208791208792,0.0,3
60,0.25,0.375,0.375,0.625,0.625,0.75,0.5,0.5,0.625,0.625,0.625,0.625,0.625,0.625,0.75,0.625,0.625,0.625,0.3461538461538461,1.0,4
61,0.8043478260869565,0.7065217391304348,0.7282608695652174,0.6086956521739131,0.6086956521739131,0.4021739130434783,0.8913043478260869,0.8695652173913043,0.5978260869565217,0.5978260869565217,0.6086956521739131,0.31521739130434784,0.4782608695652174,0.5217391304347826,0.4021739130434783,0.6195652173913043,0.31521739130434784,0.4782608695652174,0.5086342229199372,2.0,2
62,0.5547945205479452,0.5273972602739726,0.5958904109589042,0.5856164383561644,0.5856164383561644,0.6267123287671232,0.6575342465753424,0.6746575342465754,0.5787671232876712,0.5787671232876712,0.5753424657534246,0.5376712328767124,0.5445205479452054,0.7054794520547946,0.5753424657534246,0.589041095890411,0.5513698630136986,0.5308219178082192,0.4663582032003083,1.25,4
63,0.5961538461538461,0.5961538461538461,0.75,0.5769230769230769,0.5769230769230769,0.6538461538461539,0.6730769230769231,0.6923076923076923,0.5769230769230769,0.5769230769230769,0.5769230769230769,0.5961538461538461,0.6153846153846154,0.4423076923076923,0.5192307692307693,0.5769230769230769,0.5961538461538461,0.40384615384615385,0.4705294705294705,2.8,2
64,1.0,0.625,0.75,0.875,0.875,0.5,1.0,1.0,0.875,0.875,0.875,0.25,0.625,0.5,0.25,0.875,0.25,0.75,0.3406593406593407,1.0,4
65,0.7155172413793104,0.7586206896551724,0.7155172413793104,0.6120689655172413,0.6120689655172413,0.5775862068965517,0.5689655172413793,0.5862068965517241,0.6379310344827587,0.6379310344827587,0.6293103448275862,0.6120689655172413,0.6120689655172413,0.5344827586206896,0.6551724137931034,0.603448275862069,0.6120689655172413,0.6293103448275862,0.3829873829873829,2.6,2
66,0.625,0.625,0.25,0.75,0.75,0.75,0.875,0.875,0.75,0.75,0.75,0.875,0.625,0.625,0.375,0.75,0.75,0.375,0.478021978021978,1.0,4
67,0.625,0.875,0.625,0.875,0.875,0.5,0.75,0.75,0.875,0.875,0.875,0.5,0.375,0.625,0.625,0.875,0.5,1.0,0.3846153846153846,0.0,4
68,0.75,0.75,0.625,0.25,0.25,0.625,0.625,0.625,0.25,0.25,0.25,0.625,0.875,0.375,0.5,0.25,0.625,0.875,0.4230769230769231,2.0,2
69,0.25,0.75,0.75,1.0,1.0,1.0,0.5,0.5,1.0,1.0,1.0,1.0,0.75,0.75,0.75,1.0,1.0,1.0,0.42857142857142855,0.0,4
70,1.0,0.75,0.25,0.75,0.75,0.5,0.5,0.75,0.5,0.5,0.5,0.75,0.25,0.25,0.5,0.5,0.75,0.25,0.3956043956043956,0.0,3
71,0.5,0.25,1.0,0.75,0.75,0.75,0.75,0.75,0.75,0.75,0.75,0.5,0.5,1.0,0.75,0.75,0.5,1.0,0.0,0.0,3
72,0.625,0.625,0.75,0.5,0.5,0.625,0.625,0.5,0.5,0.5,0.5,0.625,0.375,0.375,0.75,0.625,0.625,0.875,0.0,0.0,3
73,0.25,0.25,0.75,0.5,0.5,0.5,0.5,0.5,0.5,0.5,0.5,0.75,0.75,0.75,0.75,0.5,0.75,1.0,0.3296703296703297,0.0,3
74,0.5,0.3333333333333333,0.5833333333333334,0.6666666666666666,0.6666666666666666,0.8333333333333334,0.4166666666666667,0.5,0.6666666666666666,0.6666666666666666,0.6666666666666666,0.6666666666666666,0.5,0.75,0.6666666666666666,0.6666666666666666,0.6666666666666666,0.9166666666666666,0.3772893772893773,0.0,4
75,0.6646341463414634,0.5365853658536586,0.6890243902439024,0.5792682926829268,0.5792682926829268,0.6585365853658537,0.7195121951219512,0.7195121951219512,0.5792682926829268,0.5792682926829268,0.5792682926829268,0.5182926829268293,0.5670731707317073,0.5853658536585366,0.4939024390243902,0.5914634146341463,0.4939024390243902,0.5609756097560976,0.3769708552317249,1.3076923076923077,4
76,0.75,0.4583333333333333,0.875,0.75,0.75,0.5833333333333334,0.75,0.7083333333333334,0.75,0.75,0.75,0.5416666666666666,0.4583333333333333,0.625,0.5416666666666666,0.75,0.5,0.9166666666666666,0.3824175824175825,0.0,4
77,0.7291666666666666,0.7291666666666666,0.75,0.6458333333333334,0.6458333333333334,0.6041666666666666,0.8541666666666666,0.8541666666666666,0.6666666666666666,0.6666666666666666,0.6458333333333334,0.4375,0.5625,0.75,0.4375,0.625,0.4375,0.6041666666666666,0.5421245421245421,3.0,2
78,0.6647058823529411,0.6882352941176471,0.6794117647058824,0.6735294117647059,0.6735294117647059,0.5147058823529411,0.8323529411764706,0.8352941176470589,0.6794117647058824,0.6794117647058824,0.6735294117647059,0.4264705882352941,0.6294117647058823,0.4882352941176471,0.4176470588235294,0.6911764705882353,0.4264705882352941,0.5176470588235295,0.4607392607392608,1.96875,2
79,0.5882352941176471,0.6911764705882353,0.6617647058823529,0.6617647058823529,0.6617647058823529,0.6029411764705882,0.6470588235294118,0.6323529411764706,0.7205882352941176,0.7205882352941176,0.7205882352941176,0.5735294117647058,0.6911764705882353,0.5588235294117647,0.5735294117647058,0.6911764705882353,0.5882352941176471,0.4852941176470588,0.4780219780219779,3.25,2
80,0.25,0.375,0.75,0.25,0.25,0.25,0.75,0.75,0.25,0.25,0.25,0.5,0.5,0.875,0.375,0.25,0.5,0.25,0.0989010989010989,1.0,2
81,0.6666666666666666,0.8333333333333334,0.5833333333333334,0.25,0.25,0.5,0.8333333333333334,0.8333333333333334,0.25,0.25,0.25,0.5,0.6666666666666666,0.25,0.25,0.25,0.5,0.25,0.2967032967032967,1.0,2
82,1.0,1.0,1.0,0.5,0.5,0.25,1.0,1.0,0.5,0.5,0.5,0.25,0.5,0.25,0.25,0.5,0.25,0.5,0.0,1.0,2
83,0.75,1.0,0.5,0.25,0.25,0.25,0.75,0.75,0.5,0.5,0.25,0.5,0.25,0.5,0.5,0.25,0.5,0.5,0.2967032967032967,1.0,2
84,0.875,0.875,0.75,0.5625,0.5625,0.4375,0.875,0.75,0.5625,0.5625,0.5625,0.4375,0.625,0.5625,0.4375,0.625,0.4375,0.5625,0.5137362637362638,3.0,2
85,0.5,0.75,0.75,0.25,0.25,0.25,0.75,0.5,0.25,0.25,0.25,0.5,0.5,0.5,0.5,0.25,0.5,0.5,0.38461538461538464,1.0,2
86,1.0,0.75,0.25,0.75,0.75,0.75,0.75,0.5,0.75,0.75,0.75,0.5,0.5,1.0,0.75,0.75,0.5,1.0,0.5714285714285714,0.0,4
87,0.6944444444444444,0.6666666666666666,0.5833333333333334,0.5277777777777778,0.5277777777777778,0.4722222222222222,0.5555555555555556,0.6388888888888888,0.5277777777777778,0.5277777777777778,0.5277777777777778,0.6666666666666666,0.6111111111111112,0.6388888888888888,0.5277777777777778,0.5277777777777778,0.6388888888888888,0.6111111111111112,0.3722527472527472,1.0,4
88,0.5,0.5,1.0,0.75,0.75,0.5,0.75,0.5,0.75,0.75,0.75,0.75,0.5,0.25,0.75,0.75,0.75,0.75,0.16483516483516486,0.0,4
89,0.75,0.5,0.25,0.25,0.25,1.0,0.25,0.25,0.25,0.25,0.25,0.75,0.5,0.75,1.0,0.25,0.75,1.0,0.4175824175824176,0.0,3
90,0.75,0.625,0.75,0.875,0.875,0.875,0.875,0.625,0.875,0.875,0.875,0.5,0.5,0.875,0.625,0.875,0.5,0.5,0.29120879120879123,1.0,4
91,0.75,0.525,0.5125,0.725,0.725,0.6125,0.5,0.525,0.7,0.7,0.6875,0.7125,0.65,0.675,0.7375,0.7,0.7,0.65,0.3223443223443224,1.75,2
92,0.5909090909090909,0.8409090909090909,0.6818181818181818,0.8409090909090909,0.8409090909090909,0.7954545454545454,0.7272727272727273,0.7727272727272727,0.8409090909090909,0.8409090909090909,0.8636363636363636,0.7954545454545454,0.8863636363636364,0.5,0.4318181818181818,0.8409090909090909,0.7954545454545454,0.5681818181818182,0.5637362637362637,1.6666666666666667,2
93,0.75,1.0,0.25,1.0,1.0,0.75,0.25,0.5,1.0,1.0,1.0,0.75,0.75,1.0,0.75,1.0,0.75,0.5,0.3956043956043956,0.0,4
94,0.25,0.75,0.5,0.25,0.25,1.0,0.25,0.25,0.25,0.25,0.25,1.0,0.75,0.25,0.75,0.25,1.0,0.25,0.7032967032967034,0.0,3
95,1.0,0.75,0.5,1.0,1.0,0.75,1.0,1.0,1.0,1.0,1.0,0.25,0.75,0.25,0.25,1.0,0.25,0.25,0.0,0.0,4
96,0.75,0.6,0.55,0.8,0.8,0.65,0.5,0.4,0.8,0.8,0.8,0.85,0.7,0.6,0.85,0.8,0.8,0.7,0.6725274725274725,0.0,4
97,1.0,1.0,1.0,1.0,1.0,0.5,1.0,1.0,1.0,1.0,1.0,0.25,0.75,0.25,0.25,1.0,0.25,0.75,0.0,0.0,4
98,0.625,0.875,0.875,0.5,0.5,0.5,1.0,0.875,0.5,0.5,0.5,0.25,0.5,0.5,0.25,0.5,0.25,0.5,0.5054945054945055,1.0,2
99,0.5333333333333333,0.5666666666666667,0.5666666666666667,0.4666666666666667,0.4666666666666667,0.5666666666666667,0.6,0.55,0.43333333333333335,0.43333333333333335,0.4666666666666667,0.7,0.55,0.6333333333333333,0.6333333333333333,0.4666666666666667,0.7,0.5666666666666667,0.40236686390532544,1.0,4
100,0.6125,0.675,0.675,0.7375,0.7375,0.5875,0.775,0.7125,0.75,0.75,0.75,0.525,0.65,0.425,0.5625,0.725,0.525,0.5875,0.345054945054945,1.5,2
101,0.25,0.5,0.5,0.75,0.75,0.25,0.5,0.5,0.75,0.75,0.75,0.75,0.75,1.0,0.75,0.75,0.75,0.75,0.42857142857142855,0.0,4
102,0.5,0.5375,0.5875,0.7,0.7,0.6875,0.7,0.7125,0.675,0.675,0.675,0.575,0.6125,0.5625,0.5125,0.6625,0.575,0.5125,0.3421245421245421,1.6666666666666667,2
103,1.0,0.75,0.5,1.0,1.0,0.75,1.0,1.0,1.0,1.0,1.0,0.25,0.75,0.25,0.25,1.0,0.25,0.25,0.0,0.0,4
104,1.0,1.0,1.0,0.5,0.5,0.5,1.0,1.0,0.5,0.5,0.5,0.25,0.5,0.25,0.25,0.5,0.25,0.25,0.8461538461538461,1.0,2
105,0.75,1.0,1.0,0.25,0.25,0.25,1.0,1.0,0.25,0.25,0.25,0.25,0.25,0.25,0.25,0.25,0.25,0.25,0.0,3.0,1
106,0.25,0.5,0.75,0.25,0.25,1.0,0.5,0.5,0.25,0.25,0.25,0.75,0.5,0.5,0.75,0.25,0.75,0.75,0.8461538461538461,2.0,2
107,0.6875,0.625,0.3125,0.8125,0.8125,0.5625,0.75,0.75,0.8125,0.8125,0.8125,0.5,0.6875,0.625,0.4375,0.8125,0.5,0.5,0.3791208791208791,1.0,4
108,0.25,0.25,0.75,0.25,0.25,0.5,1.0,1.0,0.25,0.25,0.25,0.25,0.25,0.25,0.25,0.25,0.25,0.5,0.0,0.0,3
109,0.25,0.25,0.75,0.25,0.25,0.5,1.0,1.0,0.25,0.25,0.25,0.25,0.25,0.25,0.25,0.25,0.25,0.5,0.0,0.0,3
110,0.5,0.625,0.625,0.875,0.875,0.625,0.375,0.625,0.75,0.75,0.875,0.625,0.75,0.625,0.625,1.0,0.625,0.625,0.4945054945054945,0.0,4
111,0.625,0.625,0.875,0.375,0.375,0.25,1.0,1.0,0.5,0.5,0.375,0.25,0.625,0.25,0.25,0.5,0.25,0.625,0.5714285714285714,2.0,2
112,0.6532258064516129,0.6129032258064516,0.6102150537634409,0.5940860215053764,0.5940860215053764,0.6155913978494624,0.6720430107526881,0.6908602150537635,0.553763440860215,0.553763440860215,0.5564516129032258,0.553763440860215,0.5080645161290323,0.6209677419354839,0.5860215053763441,0.5887096774193549,0.5403225806451613,0.5940860215053764,0.4935768456895218,1.3870967741935485,4
113,0.725,0.6875,0.7,0.6875,0.6875,0.5125,0.85,0.825,0.675,0.675,0.675,0.4125,0.4625,0.5875,0.4375,0.7,0.425,0.7125,0.4230769230769231,2.833333333333333,2
114,0.5,0.25,0.75,0.75,0.75,1.0,0.5,0.5,0.75,0.75,0.75,0.75,0.5,1.0,0.75,0.75,0.75,0.25,0.38461538461538464,0.0,3
115,0.6875,0.625,0.5625,0.625,0.625,0.5,0.625,0.625,0.625,0.625,0.625,0.5625,0.625,0.875,0.625,0.625,0.625,0.5625,0.5750915750915752,2.0,2
116,0.25,0.25,0.25,0.5,0.5,0.75,0.75,0.75,0.5,0.5,0.5,0.5,0.5,0.75,0.75,0.5,0.5,0.25,0.0,0.0,3
117,0.6293103448275862,0.5862068965517241,0.5862068965517241,0.5948275862068966,0.5948275862068966,0.5689655172413793,0.6206896551724138,0.6551724137931034,0.6206896551724138,0.6206896551724138,0.5862068965517241,0.5689655172413793,0.5086206896551724,0.6206896551724138,0.603448275862069,0.5862068965517241,0.5862068965517241,0.6206896551724138,0.43621595795508855,1.0,4
118,0.8333333333333334,0.9166666666666666,0.75,0.6666666666666666,0.6666666666666666,0.5833333333333334,0.6666666666666666,0.6666666666666666,0.5833333333333334,0.5833333333333334,0.6666666666666666,0.5833333333333334,0.5833333333333334,0.5,0.5,0.6666666666666666,0.5833333333333334,0.6666666666666666,0.0,1.0,4
119,0.875,0.75,0.875,0.75,0.75,0.625,0.25,0.5,0.625,0.625,0.75,1.0,1.0,0.375,0.75,0.75,1.0,0.875,0.3516483516483516,0.0,4
120,0.6136363636363636,0.6136363636363636,0.5681818181818182,0.7954545454545454,0.7954545454545454,0.5681818181818182,0.6136363636363636,0.5227272727272727,0.7727272727272727,0.7727272727272727,0.7727272727272727,0.6818181818181818,0.6363636363636364,0.5227272727272727,0.7727272727272727,0.7954545454545454,0.7045454545454546,0.8181818181818182,0.4355644355644355,0.0,4
121,0.57,0.69,0.67,0.74,0.74,0.52,0.78,0.78,0.73,0.73,0.73,0.5,0.64,0.58,0.51,0.81,0.49,0.6,0.4697802197802198,1.6,2
122,1.0,1.0,0.875,0.375,0.375,0.75,0.875,0.875,0.375,0.375,0.375,0.375,0.25,0.75,0.5,0.375,0.375,0.75,0.3736263736263736,3.5,1
123,0.75,0.25,0.9166666666666666,0.5833333333333334,0.5833333333333334,0.3333333333333333,1.0,1.0,0.5833333333333334,0.5833333333333334,0.5833333333333334,0.25,0.3333333333333333,0.25,0.25,0.5833333333333334,0.25,0.5,0.7472527472527473,0.0,3
124,0.5523255813953488,0.5348837209302325,0.6162790697674418,0.686046511627907,0.686046511627907,0.6686046511627907,0.6569767441860465,0.6162790697674418,0.6802325581395349,0.6802325581395349,0.6744186046511628,0.622093023255814,0.6453488372093024,0.6918604651162791,0.6162790697674418,0.6686046511627907,0.627906976744186,0.5872093023255814,0.4172854172854175,1.8571428571428568,2
125,0.6666666666666666,0.6666666666666666,0.7916666666666666,0.7083333333333334,0.7083333333333334,0.5833333333333334,0.7083333333333334,0.75,0.7083333333333334,0.7083333333333334,0.7083333333333334,0.5416666666666666,0.6666666666666666,0.5,0.4583333333333333,0.6666666666666666,0.5,0.9166666666666666,0.3516483516483517,2.0,2
126,0.6666666666666666,1.0,0.6666666666666666,0.6666666666666666,0.6666666666666666,0.75,0.25,0.4166666666666667,0.6666666666666666,0.6666666666666666,0.6666666666666666,1.0,1.0,0.5,0.75,0.6666666666666666,1.0,0.4166666666666667,0.30769230769230765,2.333333333333333,2
127,0.5,1.0,0.75,1.0,1.0,0.75,1.0,0.75,1.0,1.0,1.0,0.5,0.75,0.25,0.25,1.0,0.25,0.25,0.31868131868131866,1.0,4
128,0.7012987012987013,0.7857142857142857,0.6331168831168831,0.6298701298701299,0.6298701298701299,0.6915584415584416,0.6298701298701299,0.6915584415584416,0.6298701298701299,0.6298701298701299,0.6201298701298701,0.6136363636363636,0.6688311688311688,0.448051948051948,0.551948051948052,0.6428571428571429,0.6168831168831169,0.5,0.4409590409590409,1.826086956521739,2
129,1.0,0.75,1.0,0.75,0.75,0.5,1.0,1.0,0.75,0.75,0.75,0.25,0.5,0.5,0.25,0.75,0.25,0.25,0.3406593406593407,2.0,2
130,0.6178571428571429,0.5446428571428571,0.6205357142857143,0.6116071428571429,0.6116071428571429,0.5625,0.6107142857142858,0.6142857142857143,0.6080357142857142,0.6080357142857142,0.6026785714285714,0.6116071428571429,0.6151785714285715,0.5910714285714286,0.6392857142857142,0.6116071428571429,0.6089285714285714,0.6616071428571428,0.4283480746895387,1.551282051282051,2
131,0.4,0.3,0.8,0.45,0.45,0.4,1.0,1.0,0.45,0.45,0.45,0.25,0.3,0.3,0.25,0.45,0.25,0.45,0.6263736263736264,0.0,3
132,0.75,0.25,0.25,0.75,0.75,0.75,0.25,0.25,0.75,0.75,0.75,1.0,0.75,1.0,1.0,0.75,1.0,1.0,0.42857142857142855,0.0,4
133,0.5606060606060606,0.5378787878787878,0.6666666666666666,0.5303030303030303,0.5303030303030303,0.6060606060606061,0.6818181818181818,0.6893939393939394,0.5303030303030303,0.5303030303030303,0.5303030303030303,0.553030303030303,0.4924242424242424,0.6060606060606061,0.5378787878787878,0.5378787878787878,0.5454545454545454,0.5984848484848485,0.3546069315300085,1.0,4
134,0.25,0.25,0.75,0.25,0.25,0.5,1.0,1.0,0.25,0.25,0.25,0.25,0.25,0.25,0.25,0.25,0.25,0.5,0.0,0.0,3
135,1.0,0.25,0.25,0.75,0.75,0.5,0.5,0.75,0.75,0.75,0.75,0.25,0.5,1.0,0.5,0.75,0.5,1.0,0.0,0.0,4
136,0.25,0.25,1.0,0.75,0.75,0.5,1.0,1.0,0.75,0.75,0.75,0.25,0.5,0.25,0.25,0.75,0.25,0.25,0.0989010989010989,1.0,4
137,0.25,0.25,0.75,1.0,1.0,0.75,0.25,0.5,0.75,0.75,0.75,0.75,0.75,0.5,0.75,1.0,0.75,0.5,0.6813186813186813,0.0,4
138,1.0,1.0,0.5,1.0,1.0,0.5,1.0,1.0,1.0,1.0,1.0,0.25,0.75,0.25,0.25,1.0,0.25,1.0,0.0,1.0,4
139,0.25,0.4166666666666667,0.6666666666666666,0.8333333333333334,0.8333333333333334,0.9166666666666666,0.5833333333333334,0.5833333333333334,0.8333333333333334,0.8333333333333334,0.8333333333333334,0.75,0.5833333333333334,0.6666666666666666,0.75,0.8333333333333334,0.75,0.75,0.4322344322344322,1.0,4
140,0.5,0.25,0.875,0.625,0.625,0.75,0.75,0.875,0.625,0.625,0.625,0.5,0.5,0.625,0.375,0.625,0.5,0.375,0.0,1.0,4
141,0.375,0.4583333333333333,0.6666666666666666,0.7083333333333334,0.7083333333333334,0.375,0.875,0.9166666666666666,0.7083333333333334,0.7083333333333334,0.7083333333333334,0.375,0.625,0.3333333333333333,0.3333333333333333,0.7083333333333334,0.375,0.4166666666666667,0.6776556776556776,5.0,1
142,0.875,0.75,0.25,0.625,0.625,0.5,0.5,0.5,0.625,0.625,0.625,0.75,0.75,0.625,0.75,0.5,0.75,0.75,0.5494505494505495,0.0,4
143,0.5,0.5,0.25,0.75,0.75,0.5,0.75,0.75,0.75,0.75,0.75,0.5,0.5,0.75,0.75,0.75,0.5,1.0,0.42857142857142855,2.0,2
144,0.8125,0.71875,0.71875,0.78125,0.78125,0.75,0.875,0.875,0.78125,0.78125,0.75,0.34375,0.5625,0.65625,0.34375,0.78125,0.34375,0.34375,0.6153846153846154,1.4,4
145,0.75,0.25,0.75,0.75,0.75,0.75,0.75,1.0,0.75,0.75,0.75,0.25,0.5,0.5,0.25,0.75,0.25,0.5,0.0,0.0,3
146,0.5,0.625,0.875,0.875,0.875,0.625,0.625,0.75,0.875,0.875,0.875,0.625,0.75,0.25,0.5,0.875,0.625,0.75,0.0989010989010989,1.0,4
147,0.5,0.25,0.25,0.25,0.25,0.25,1.0,1.0,0.25,0.25,0.25,0.25,0.5,0.25,0.25,0.25,0.25,1.0,0.5274725274725275,2.0,2
148,1.0,1.0,0.25,1.0,1.0,0.75,1.0,1.0,1.0,1.0,1.0,0.25,0.75,0.5,0.25,1.0,0.25,0.25,0.0,0.0,4
149,0.5,0.5,0.75,0.375,0.375,0.25,0.625,0.75,0.375,0.375,0.375,0.5,0.375,0.375,0.25,0.375,0.5,0.5,0.4285714285714286,1.0,2
150,0.3125,0.5,0.75,0.375,0.375,0.8125,0.875,0.875,0.375,0.375,0.375,0.3125,0.375,0.5,0.375,0.4375,0.3125,0.3125,0.7692307692307693,0.0,3
151,0.625,0.625,0.625,0.5,0.5,0.75,1.0,1.0,0.5,0.5,0.5,0.25,0.375,1.0,0.25,0.5,0.25,0.25,0.0,0.0,3
152,0.5833333333333334,0.5833333333333334,0.6666666666666666,0.5,0.5,0.3333333333333333,0.6666666666666666,0.5833333333333334,0.5,0.5,0.5,0.6666666666666666,0.75,0.75,0.5833333333333334,0.5,0.5833333333333334,0.6666666666666666,0.3956043956043956,1.3333333333333333,4
153,0.6428571428571429,0.8928571428571429,0.6428571428571429,0.6785714285714286,0.6785714285714286,0.5714285714285714,0.35714285714285715,0.3928571428571429,0.75,0.75,0.75,0.8571428571428571,0.6785714285714286,0.7142857142857143,0.8571428571428571,0.6785714285714286,0.8928571428571429,0.7142857142857143,0.3814756671899529,2.0,2
154,0.25,0.25,0.75,0.25,0.25,0.25,0.25,0.5,0.25,0.25,0.25,1.0,0.5,0.25,0.75,0.25,1.0,0.25,0.0,0.0,3
155,0.5887096774193549,0.6341642228739003,0.6686217008797654,0.7016129032258065,0.7016129032258065,0.6414956011730205,0.5593841642228738,0.5945747800586509,0.6913489736070382,0.6913489736070382,0.6942815249266863,0.6832844574780058,0.6803519061583577,0.6414956011730205,0.6480938416422287,0.6986803519061584,0.6788856304985337,0.6620234604105572,0.4095836136652467,1.586666666666667,2
156,0.65,0.615625,0.63125,0.659375,0.659375,0.65,0.609375,0.60625,0.6625,0.6625,0.6625,0.65,0.68125,0.61875,0.634375,0.6625,0.646875,0.6125,0.4690476190476188,1.65,2
157,1.0,1.0,0.25,0.5,0.5,0.5,1.0,1.0,0.5,0.5,0.5,0.25,0.25,0.25,0.25,0.5,0.25,0.25,0.3956043956043956,2.0,2
158,0.75,0.5833333333333334,0.5833333333333334,0.75,0.75,0.6666666666666666,0.5,0.5,0.75,0.75,0.75,0.8333333333333334,0.75,0.5833333333333334,0.75,0.75,0.8333333333333334,0.6666666666666666,0.5494505494505495,0.0,4
159,0.4722222222222222,0.6666666666666666,0.5,0.5555555555555556,0.5555555555555556,0.7777777777777778,0.4444444444444444,0.4722222222222222,0.5833333333333334,0.5833333333333334,0.5833333333333334,0.8055555555555556,0.7777777777777778,0.5277777777777778,0.75,0.5555555555555556,0.8333333333333334,0.5833333333333334,0.3983516483516483,1.5,4
160,0.625,0.625,0.875,0.25,0.25,0.375,1.0,1.0,0.25,0.25,0.25,0.25,0.5,0.25,0.25,0.25,0.25,0.75,0.4175824175824176,2.0,2
161,0.25,1.0,0.5,1.0,1.0,0.75,0.5,0.75,1.0,1.0,1.0,0.75,1.0,0.5,0.5,1.0,0.75,1.0,0.5934065934065934,2.0,2
162,0.6818181818181818,0.5454545454545454,0.5454545454545454,0.6590909090909091,0.6590909090909091,0.6136363636363636,0.6818181818181818,0.6818181818181818,0.6818181818181818,0.6818181818181818,0.6590909090909091,0.5681818181818182,0.5454545454545454,0.7727272727272727,0.6363636363636364,0.6818181818181818,0.6136363636363636,0.7045454545454546,0.43328100470957615,2.8571428571428568,2
163,0.75,0.5,0.25,1.0,1.0,0.5,1.0,1.0,1.0,1.0,1.0,0.25,0.75,0.5,0.25,1.0,0.25,0.25,0.0,1.0,4
164,0.7375,0.725,0.65,0.65,0.65,0.525,0.7875,0.7625,0.6625,0.6625,0.6625,0.4625,0.5375,0.6,0.525,0.7125,0.4625,0.6,0.4706959706959706,1.375,4
165,0.625,0.65,0.725,0.75,0.75,0.725,0.85,0.8,0.725,0.725,0.725,0.5,0.625,0.425,0.4,0.7,0.45,0.6,0.3379120879120879,1.0,4
166,0.5,0.625,0.875,0.5,0.5,0.875,0.75,0.75,0.5,0.5,0.625,0.5,0.625,0.75,0.625,0.625,0.5,0.375,0.0,1.0,4
167,0.625,0.875,0.75,0.375,0.375,0.625,0.75,0.875,0.375,0.375,0.375,0.5,0.75,0.625,0.375,0.375,0.5,0.375,0.7692307692307693,2.0,2
168,0.75,1.0,0.75,0.75,0.75,0.5,1.0,1.0,0.75,0.75,0.5,0.25,0.5,0.5,0.25,0.75,0.25,0.75,0.0,0.0,4
169,0.6666666666666666,0.75,0.75,1.0,1.0,0.8333333333333334,0.5833333333333334,0.5,1.0,1.0,1.0,0.8333333333333334,0.9166666666666666,0.75,0.75,1.0,0.8333333333333334,1.0,0.4835164835164836,0.0,4
170,0.35,0.6,0.7,0.35,0.35,0.45,0.85,0.9,0.35,0.35,0.35,0.35,0.5,0.35,0.35,0.4,0.35,0.35,0.6043956043956044,0.0,3
171,0.6785714285714286,0.6428571428571429,0.7857142857142857,0.75,0.75,0.42857142857142855,1.0,1.0,0.75,0.75,0.75,0.25,0.5357142857142857,0.2857142857142857,0.25,0.75,0.25,0.5,0.5164835164835165,1.5,2
172,0.25,0.5,1.0,0.25,0.25,1.0,0.5,0.5,0.25,0.25,0.25,0.75,0.5,0.75,0.75,0.25,0.75,0.25,0.0,1.0,2
173,0.75,1.0,0.5,0.25,0.25,0.25,1.0,1.0,0.25,0.25,0.25,0.25,0.5,0.25,0.25,0.25,0.25,0.5,0.15384615384615385,3.0,1
174,0.5526315789473685,0.6973684210526315,0.75,0.6842105263157895,0.6842105263157895,0.6052631578947368,0.7631578947368421,0.7236842105263158,0.7105263157894737,0.7105263157894737,0.7105263157894737,0.5263157894736842,0.5921052631578947,0.5,0.5657894736842105,0.6973684210526315,0.5,0.7236842105263158,0.3956043956043957,1.5,2
175,0.75,0.75,0.6875,0.53125,0.53125,0.71875,0.8125,0.84375,0.53125,0.53125,0.59375,0.4375,0.75,0.59375,0.5,0.59375,0.4375,0.5,0.6153846153846154,4.75,1
176,0.5805785123966942,0.609504132231405,0.5950413223140496,0.6012396694214877,0.6012396694214877,0.6342975206611571,0.640495867768595,0.6033057851239669,0.6012396694214877,0.6012396694214877,0.6053719008264463,0.6756198347107438,0.6528925619834711,0.6053719008264463,0.6322314049586777,0.6012396694214877,0.6776859504132231,0.5950413223140496,0.43118267870743104,1.9411764705882355,2
177,1.0,1.0,0.75,0.25,0.25,1.0,1.0,1.0,0.25,0.25,0.25,1.0,1.0,0.25,0.25,0.25,1.0,0.25,0.03296703296703297,0.0,3
178,0.6146788990825688,0.6253822629969419,0.6383792048929664,0.6467889908256881,0.6467889908256881,0.6016819571865444,0.6972477064220184,0.7003058103975535,0.6429663608562691,0.6429663608562691,0.6414373088685015,0.5519877675840978,0.6077981651376146,0.6062691131498471,0.5328746177370031,0.6590214067278287,0.5496941896024465,0.536697247706422,0.4463608140738192,1.6034482758620692,2
179,0.5,0.75,0.75,0.25,0.25,0.25,0.5,0.25,0.25,0.25,0.25,0.75,0.5,0.5,0.75,0.25,0.75,0.75,0.3626373626373626,0.0,3
180,0.599025974025974,0.549512987012987,0.6428571428571429,0.6282467532467533,0.6282467532467533,0.6396103896103896,0.622564935064935,0.6209415584415584,0.6193181818181818,0.6193181818181818,0.6201298701298701,0.6030844155844156,0.6071428571428571,0.6136363636363636,0.6152597402597403,0.6323051948051948,0.6038961038961039,0.6087662337662337,0.4145854145854153,1.3442622950819672,4
181,0.7857142857142857,0.35714285714285715,0.8571428571428571,0.3928571428571429,0.3928571428571429,0.25,0.8214285714285714,0.8571428571428571,0.3928571428571429,0.3928571428571429,0.3928571428571429,0.3928571428571429,0.2857142857142857,0.6071428571428571,0.25,0.42857142857142855,0.3928571428571429,0.3928571428571429,0.2664835164835165,3.0,1
182,1.0,1.0,1.0,0.5,0.5,0.25,1.0,1.0,0.5,0.5,0.5,0.25,0.75,0.25,0.25,0.5,0.25,0.25,0.0,2.0,2
183,0.75,1.0,0.75,0.5,0.5,0.25,1.0,0.75,0.5,0.5,0.5,0.5,0.25,0.75,0.5,0.5,0.5,0.5,0.4175824175824176,0.0,3
184,0.5,0.4722222222222222,0.6666666666666666,0.5277777777777778,0.5277777777777778,0.5833333333333334,0.8611111111111112,0.8055555555555556,0.5277777777777778,0.5277777777777778,0.5277777777777778,0.4444444444444444,0.5833333333333334,0.3611111111111111,0.4444444444444444,0.5555555555555556,0.4722222222222222,0.3333333333333333,0.2692307692307692,1.0,4
185,0.85,0.775,0.525,0.8,0.8,0.625,0.525,0.55,0.75,0.75,0.75,0.725,0.725,0.725,0.65,0.8,0.775,0.75,0.4407814407814407,2.5,2
186,0.5,0.5,0.5,0.75,0.75,0.625,0.875,0.75,0.75,0.75,0.75,0.5,0.5,0.625,0.375,0.75,0.5,0.625,0.5274725274725275,2.0,2
187,0.5,0.75,0.5,0.5833333333333334,0.5833333333333334,0.5,1.0,1.0,0.5833333333333334,0.5833333333333334,0.5833333333333334,0.25,0.5,0.3333333333333333,0.3333333333333333,0.5833333333333334,0.25,0.25,0.5824175824175823,1.6666666666666667,2
188,0.5601604278074866,0.6550802139037433,0.6831550802139037,0.7259358288770054,0.7259358288770054,0.6991978609625669,0.6203208556149733,0.6283422459893048,0.7366310160427807,0.7366310160427807,0.7312834224598931,0.6590909090909091,0.7125668449197861,0.5882352941176471,0.6243315508021391,0.7272727272727273,0.6537433155080213,0.5588235294117647,0.4658119658119658,1.4090909090909092,2
189,0.375,0.5,0.6875,0.5625,0.5625,0.875,0.75,0.6875,0.6875,0.6875,0.5625,0.6875,0.625,0.8125,0.6875,0.6875,0.6875,0.5625,0.5659340659340659,1.0,4
190,0.5,0.55,0.6,0.7,0.7,0.65,0.8,0.8,0.7,0.7,0.7,0.35,0.6,0.6,0.4,0.7,0.35,0.55,0.4423076923076923,1.6666666666666667,2
191,0.25,0.25,0.5,0.75,0.75,1.0,1.0,0.75,0.75,0.75,0.75,0.5,0.5,1.0,0.5,0.75,0.5,0.25,0.6043956043956044,0.0,3
192,0.71875,0.59375,0.75,0.6875,0.6875,0.5,0.625,0.59375,0.6875,0.6875,0.6875,0.53125,0.53125,0.84375,0.625,0.6875,0.5625,0.59375,0.5007849293563579,1.0,4
193,0.6785714285714286,0.6428571428571429,0.7857142857142857,0.75,0.75,0.42857142857142855,1.0,1.0,0.75,0.75,0.75,0.25,0.5357142857142857,0.2857142857142857,0.25,0.75,0.25,0.5,0.5164835164835165,1.5,2
194,0.5,0.25,0.5,0.75,0.75,0.5,1.0,1.0,0.75,0.75,0.75,0.25,0.5,0.25,0.25,0.75,0.25,0.25,0.0,1.0,4
195,0.55,0.35,0.8,0.7,0.7,0.55,0.9,0.9,0.7,0.7,0.7,0.3,0.5,0.5,0.3,0.7,0.3,0.4,0.17032967032967036,1.5,2
196,0.5,0.8333333333333334,0.6666666666666666,0.5,0.5,0.75,0.8333333333333334,0.8333333333333334,0.5,0.5,0.5,0.4166666666666667,0.5833333333333334,0.4166666666666667,0.4166666666666667,0.5,0.4166666666666667,0.5,0.3846153846153846,1.0,4
197,0.5,0.25,0.5,0.5,0.5,0.25,0.75,0.25,0.5,0.5,0.5,0.75,1.0,0.25,0.75,0.5,0.75,1.0,0.8571428571428571,0.0,4
198,0.75,1.0,0.5,1.0,1.0,1.0,1.0,0.75,1.0,1.0,1.0,0.5,0.75,1.0,0.5,1.0,0.5,0.25,0.6153846153846154,1.0,4
199,0.5,0.75,0.75,0.25,0.25,0.25,0.5,0.25,0.25,0.25,0.25,0.75,0.5,0.5,0.75,0.25,0.75,0.75,0.3626373626373626,0.0,3
200,0.75,0.625,0.5625,0.625,0.625,0.5625,0.96875,0.9375,0.65625,0.65625,0.65625,0.28125,0.4375,0.40625,0.40625,0.6875,0.28125,0.65625,0.6172161172161171,1.25,2
201,0.6794871794871795,0.6538461538461539,0.6410256410256411,0.6666666666666666,0.6666666666666666,0.5705128205128205,0.7371794871794872,0.7820512820512819,0.6538461538461539,0.6538461538461539,0.6602564102564102,0.4551282051282051,0.6153846153846154,0.532051282051282,0.4423076923076923,0.6923076923076923,0.4615384615384616,0.5128205128205128,0.4377880184331797,1.6,2
202,0.75,1.0,1.0,0.25,0.25,1.0,1.0,1.0,0.25,0.25,0.25,0.25,0.25,0.5,0.25,0.25,0.25,0.25,0.9450549450549449,0.0,3
203,1.0,0.75,0.5,0.25,0.25,0.25,0.5,0.25,0.25,0.25,0.25,0.75,0.25,0.75,0.75,0.25,0.75,0.25,0.9450549450549449,0.0,3
204,0.875,0.375,0.75,0.75,0.75,0.625,0.375,0.375,0.75,0.75,0.75,0.625,0.5,0.625,0.625,0.75,0.625,0.75,0.42857142857142855,2.0,2
205,0.4722222222222222,0.5277777777777778,0.75,0.5833333333333334,0.5833333333333334,0.3333333333333333,1.0,0.9722222222222222,0.75,0.75,0.6111111111111112,0.25,0.5555555555555556,0.3055555555555556,0.2777777777777778,0.75,0.25,0.2777777777777778,0.6501831501831502,1.6666666666666667,2
206,0.75,1.0,0.75,0.75,0.75,0.5,0.5,0.5,0.75,0.75,0.75,0.75,0.5,0.25,0.75,1.0,0.75,0.75,0.2967032967032967,0.0,4
207,0.5,0.5,0.25,0.75,0.75,0.75,1.0,0.75,0.75,0.75,0.75,0.5,0.25,1.0,0.5,0.75,0.5,0.25,0.0,2.0,2
208,0.7107329842931938,0.7434554973821992,0.6256544502617801,0.5798429319371727,0.5798429319371727,0.6164921465968587,0.7329842931937173,0.7290575916230366,0.5680628272251309,0.5680628272251309,0.5719895287958116,0.5235602094240838,0.5903141361256544,0.574607329842932,0.5078534031413613,0.5863874345549738,0.5248691099476439,0.5523560209424084,0.4705090827539809,1.48,2
209,0.625,0.25,0.375,0.625,0.625,0.375,0.875,1.0,0.625,0.625,0.625,0.375,0.375,0.5,0.375,0.625,0.375,0.375,0.30219780219780223,1.0,2
210,0.75,1.0,0.25,1.0,1.0,0.5,0.5,0.5,0.75,0.75,0.75,1.0,1.0,0.75,0.5,0.75,0.75,0.25,0.3956043956043956,0.0,4
211,0.625,0.625,0.625,0.625,0.625,0.625,0.75,0.875,0.625,0.625,0.625,0.5,0.75,0.5,0.5,0.625,0.5,1.0,0.4120879120879121,2.0,2
212,0.25,0.625,0.875,0.375,0.375,0.375,0.625,0.625,0.375,0.375,0.375,0.625,0.875,0.625,0.75,0.375,0.625,0.75,0.2582417582417582,0.0,3
213,1.0,0.25,1.0,1.0,1.0,0.75,0.25,0.25,0.75,0.75,1.0,0.75,0.75,1.0,1.0,1.0,1.0,1.0,0.7692307692307693,0.0,4
214,0.75,1.0,0.5,1.0,1.0,1.0,1.0,0.75,1.0,1.0,1.0,0.5,0.75,1.0,0.5,1.0,0.5,0.25,0.6153846153846154,1.0,4
215,0.6590909090909091,0.5227272727272727,0.6363636363636364,0.5227272727272727,0.5227272727272727,0.5909090909090909,0.6590909090909091,0.5681818181818182,0.5227272727272727,0.5227272727272727,0.5227272727272727,0.5227272727272727,0.4545454545454545,0.5681818181818182,0.6590909090909091,0.5227272727272727,0.5227272727272727,0.6590909090909091,0.375,1.0,4
216,0.75,0.875,0.375,1.0,1.0,0.875,0.5,0.5,1.0,1.0,1.0,0.75,0.875,0.875,0.75,1.0,0.75,0.625,0.42857142857142855,3.0,2
217,0.725,0.85,0.6,0.65,0.65,0.35,0.8,0.825,0.65,0.65,0.65,0.35,0.55,0.425,0.4,0.65,0.375,0.675,0.3997252747252745,1.0,2
218,0.6120689655172413,0.5948275862068966,0.6637931034482759,0.6637931034482759,0.6637931034482759,0.5775862068965517,0.7413793103448276,0.7586206896551724,0.6810344827586207,0.6810344827586207,0.6724137931034483,0.5086206896551724,0.6551724137931034,0.5775862068965517,0.5086206896551724,0.7155172413793104,0.5,0.6896551724137931,0.5824175824175825,2.0,2
219,0.75,1.0,0.5,0.25,0.25,0.5,0.875,0.875,0.375,0.375,0.25,0.375,0.25,0.375,0.375,0.25,0.375,0.375,0.2967032967032967,1.0,2
220,1.0,0.75,1.0,0.5,0.5,0.25,0.75,0.75,0.5,0.5,0.5,0.5,0.5,0.75,0.5,0.5,0.5,1.0,0.0,2.0,2
221,0.375,0.75,0.5,1.0,1.0,0.9375,0.625,0.6875,1.0,1.0,1.0,0.625,0.8125,0.4375,0.5,1.0,0.625,0.625,0.4725274725274726,0.0,4
222,0.5,0.25,0.75,0.5,0.5,0.5,0.75,0.5,0.5,0.5,0.5,0.5,0.25,1.0,0.5,0.5,0.5,0.75,0.3516483516483517,0.0,3
223,1.0,0.75,0.5,1.0,1.0,0.75,1.0,1.0,1.0,1.0,1.0,0.25,0.75,0.25,0.25,1.0,0.25,0.25,0.0,0.0,4
224,0.5416666666666666,0.5833333333333334,0.7083333333333334,0.5833333333333334,0.5833333333333334,0.3333333333333333,0.8333333333333334,0.875,0.5,0.5,0.5,0.4166666666666667,0.4583333333333333,0.8333333333333334,0.375,0.6666666666666666,0.4166666666666667,0.375,0.5201465201465202,0.0,3
225,0.25,0.5,0.75,1.0,1.0,0.75,0.25,0.5,1.0,1.0,1.0,1.0,0.75,0.5,0.75,1.0,1.0,1.0,0.6043956043956044,0.0,4
226,0.625,0.75,0.625,0.375,0.375,0.25,0.875,0.875,0.375,0.375,0.375,0.375,0.375,0.5,0.375,0.375,0.375,0.25,0.3241758241758241,0.0,3
227,1.0,0.5,1.0,0.75,0.75,0.75,1.0,1.0,0.75,0.75,0.75,0.25,0.5,0.75,0.5,0.75,0.25,1.0,0.2857142857142857,1.0,4
228,0.5,0.6875,0.625,0.4375,0.4375,0.375,0.8125,0.8125,0.5,0.5,0.4375,0.4375,0.625,0.5625,0.375,0.4375,0.4375,0.625,0.3809523809523809,1.5,2
229,0.75,0.7083333333333334,0.375,0.8333333333333334,0.8333333333333334,0.9166666666666666,0.75,0.7916666666666666,0.7916666666666666,0.7916666666666666,0.7916666666666666,0.5833333333333334,0.7083333333333334,0.75,0.5416666666666666,0.7916666666666666,0.5833333333333334,0.4583333333333333,0.6439560439560439,1.0,4
230,1.0,1.0,0.75,0.25,0.25,1.0,1.0,0.75,0.25,0.25,0.25,0.25,0.25,0.5,0.25,0.25,0.25,1.0,0.0,0.0,3
231,0.25,0.625,0.875,0.25,0.25,0.25,1.0,1.0,0.25,0.25,0.25,0.375,0.5,0.375,0.25,0.25,0.375,0.375,0.2967032967032967,0.0,3
232,0.5,1.0,0.5,1.0,1.0,0.5,0.75,1.0,1.0,1.0,1.0,0.75,1.0,0.25,0.25,1.0,0.75,0.5,0.16483516483516486,0.0,4
233,0.4583333333333333,0.4583333333333333,0.6666666666666666,0.4166666666666667,0.4166666666666667,0.5416666666666666,0.7083333333333334,0.625,0.4166666666666667,0.4166666666666667,0.4166666666666667,0.5,0.4583333333333333,0.625,0.6666666666666666,0.4166666666666667,0.5416666666666666,0.5416666666666666,0.3241758241758242,1.0,4
234,0.65,0.6,0.65,0.5,0.5,0.55,1.0,0.9,0.5,0.5,0.5,0.3,0.45,0.5,0.35,0.55,0.3,0.55,0.6043956043956045,1.6666666666666667,2
235,0.8333333333333334,0.6666666666666666,0.75,0.4166666666666667,0.4166666666666667,0.6666666666666666,0.6666666666666666,0.75,0.4166666666666667,0.4166666666666667,0.4166666666666667,0.5,0.4166666666666667,0.8333333333333334,0.5,0.4166666666666667,0.5,0.5,0.5274725274725275,1.0,2
236,0.75,0.5,1.0,0.5,0.5,0.5,1.0,1.0,0.5,0.5,0.5,0.25,0.75,0.75,0.5,0.5,0.25,0.75,0.0,0.0,3
237,0.4318181818181818,0.4090909090909091,0.6363636363636364,0.4772727272727273,0.4772727272727273,0.75,0.5909090909090909,0.5909090909090909,0.6590909090909091,0.6590909090909091,0.6590909090909091,0.7045454545454546,0.75,0.7954545454545454,0.6590909090909091,0.4772727272727273,0.7045454545454546,0.6136363636363636,0.3263736263736263,1.5,4
238,0.6666666666666666,0.9166666666666666,0.9166666666666666,0.5,0.5,0.5833333333333334,0.8333333333333334,0.8333333333333334,0.5,0.5,0.5,0.4166666666666667,0.4166666666666667,0.6666666666666666,0.4166666666666667,0.5,0.4166666666666667,0.3333333333333333,0.42857142857142855,1.6666666666666667,2
239,0.6,0.6833333333333333,0.7166666666666667,0.7666666666666667,0.7666666666666667,0.5833333333333334,0.8666666666666667,0.85,0.75,0.75,0.75,0.43333333333333335,0.65,0.4666666666666667,0.4,0.75,0.4166666666666667,0.4666666666666667,0.5934065934065933,1.5,2
240,0.55,0.55,0.8,0.7,0.7,0.4,1.0,1.0,0.7,0.7,0.7,0.25,0.5,0.25,0.25,0.7,0.25,0.45,0.6043956043956044,1.5,2
241,0.6730769230769231,0.5576923076923077,0.5384615384615384,0.4807692307692308,0.4807692307692308,0.5384615384615384,0.8846153846153846,0.8461538461538461,0.4807692307692308,0.4807692307692308,0.4615384615384616,0.3461538461538461,0.36538461538461536,0.6346153846153846,0.4807692307692308,0.4807692307692308,0.3461538461538461,0.5384615384615384,0.31868131868131866,1.5,2
242,0.5,0.75,0.6666666666666666,0.75,0.75,0.8333333333333334,0.5833333333333334,0.5833333333333334,0.6666666666666666,0.6666666666666666,0.5833333333333334,0.6666666666666666,0.75,0.6666666666666666,0.6666666666666666,0.75,0.6666666666666666,0.5833333333333334,0.7527472527472527,0.0,4
243,1.0,0.5,0.25,1.0,1.0,0.75,1.0,0.75,1.0,1.0,1.0,0.5,1.0,0.25,0.5,1.0,0.5,0.5,0.1978021978021978,0.0,4
244,1.0,0.75,0.5,0.5,0.5,0.5,0.75,0.75,0.5,0.5,0.5,0.5,0.75,0.5,0.5,0.5,0.5,0.5,0.7142857142857143,8.0,5
245,0.5192307692307693,0.5480769230769231,0.7019230769230769,0.6057692307692307,0.6057692307692307,0.6057692307692307,0.7019230769230769,0.7211538461538461,0.6057692307692307,0.6057692307692307,0.5961538461538461,0.5288461538461539,0.6442307692307693,0.6826923076923077,0.5384615384615384,0.625,0.5480769230769231,0.5192307692307693,0.5326778484673221,2.0,2
246,0.5981012658227848,0.5569620253164557,0.6550632911392406,0.6455696202531646,0.6455696202531646,0.6234177215189873,0.6613924050632911,0.6740506329113924,0.6518987341772152,0.6518987341772152,0.6455696202531646,0.5981012658227848,0.6234177215189873,0.620253164556962,0.560126582278481,0.6455696202531646,0.6012658227848101,0.5727848101265823,0.3890854907804059,1.5555555555555556,2
247,0.6875,0.6875,0.6875,0.5,0.5,0.4375,0.4375,0.5,0.5,0.5,0.5,0.6875,0.4375,0.625,0.75,0.5,0.6875,0.875,0.3214285714285714,0.0,3
248,0.5791666666666667,0.6458333333333334,0.675,0.575,0.575,0.5833333333333334,0.6,0.6083333333333333,0.5875,0.5875,0.5791666666666667,0.6625,0.6291666666666667,0.575,0.625,0.5666666666666667,0.6541666666666667,0.6416666666666667,0.4089481946624803,1.3333333333333333,4
249,0.75,0.5,1.0,0.5,0.5,0.25,0.25,0.25,0.5,0.5,0.5,0.75,0.25,1.0,1.0,0.5,0.75,1.0,0.42857142857142855,1.0,2
250,0.25,0.25,0.25,0.25,0.25,1.0,0.25,0.5,0.25,0.25,0.25,0.75,0.25,1.0,0.75,0.25,0.75,0.25,0.02197802197802198,0.0,3
251,0.625,0.8125,0.625,0.625,0.625,0.4375,0.8125,0.8125,0.625,0.625,0.625,0.5,0.6875,0.4375,0.375,0.6875,0.5,0.625,0.4835164835164836,1.5,2
252,0.625,0.625,0.375,0.5,0.5,0.875,0.375,0.375,0.5,0.5,0.5,0.875,0.5,0.875,0.875,0.5,0.875,0.375,0.7362637362637363,1.0,4
253,0.75,0.75,0.75,0.5,0.5,0.25,0.5,0.75,0.5,0.5,0.5,0.75,0.5,0.25,0.25,0.5,0.5,0.75,0.3516483516483517,0.0,3
254,0.25,0.25,1.0,0.75,0.75,0.5,1.0,1.0,0.75,0.75,0.75,0.25,0.5,0.25,0.25,0.75,0.25,0.25,0.0989010989010989,1.0,4
255,0.8125,0.8125,0.65625,0.625,0.625,0.875,0.625,0.75,0.625,0.625,0.625,0.59375,0.75,0.4375,0.5,0.625,0.59375,0.5625,0.6,1.75,2
256,0.5,0.85,0.65,0.3,0.3,0.3,1.0,0.85,0.3,0.3,0.3,0.3,0.4,0.65,0.4,0.3,0.3,0.4,0.3736263736263736,2.0,2
257,0.25,0.625,0.875,0.625,0.625,0.75,0.75,0.75,0.625,0.625,0.625,0.5,0.5,0.5,0.375,0.625,0.5,0.25,0.4175824175824176,2.0,2
258,0.58,0.57,0.69,0.54,0.54,0.63,0.69,0.65,0.54,0.54,0.54,0.53,0.56,0.62,0.56,0.54,0.53,0.55,0.5006868131868132,1.3,4
259,0.25,0.5,0.75,0.75,0.75,0.75,0.5,0.5,1.0,1.0,1.0,0.75,0.75,0.75,0.75,1.0,0.75,0.25,0.4835164835164835,0.0,4
260,0.625,0.5,0.25,0.5,0.5,0.75,0.875,0.75,0.5,0.5,0.5,0.375,0.25,1.0,0.5,0.5,0.375,0.25,0.543956043956044,2.0,2
261,0.6875,0.375,0.5,0.875,0.875,0.625,0.625,0.5625,0.875,0.875,0.875,0.5625,0.5625,0.9375,0.75,0.875,0.5625,0.75,0.4908424908424909,2.0,2
262,0.3333333333333333,0.5,0.6666666666666666,0.5,0.5,0.5833333333333334,0.8333333333333334,0.75,0.5,0.5,0.5,0.4166666666666667,0.4166666666666667,0.4166666666666667,0.5,0.5,0.4166666666666667,0.3333333333333333,0.3461538461538461,1.0,4
263,0.5568181818181818,0.6212121212121212,0.6098484848484849,0.5378787878787878,0.5378787878787878,0.6325757575757576,0.6742424242424242,0.6628787878787878,0.5303030303030303,0.5303030303030303,0.5303030303030303,0.5492424242424242,0.5113636363636364,0.5757575757575758,0.5757575757575758,0.5568181818181818,0.5568181818181818,0.5227272727272727,0.7295357703520968,1.0,4
264,0.75,1.0,1.0,1.0,1.0,0.75,0.75,1.0,1.0,1.0,1.0,0.25,0.75,0.75,0.25,1.0,0.25,0.75,0.1868131868131868,1.0,4
265,0.75,0.725,0.675,0.75,0.75,0.55,0.875,0.875,0.725,0.725,0.725,0.375,0.575,0.575,0.4,0.725,0.4,0.55,0.3296703296703297,1.0,4
266,0.6281512605042017,0.6918767507002801,0.6239495798319328,0.6204481792717087,0.6204481792717087,0.688375350140056,0.6246498599439776,0.6246498599439776,0.6309523809523809,0.6309523809523809,0.6260504201680672,0.688375350140056,0.6582633053221288,0.6127450980392157,0.6029411764705882,0.6148459383753502,0.6834733893557423,0.5574229691876751,0.43528909253290987,1.6071428571428572,2
267,0.375,0.4375,0.625,0.5,0.5,0.6875,0.875,0.9375,0.5,0.5,0.5,0.375,0.4375,0.5625,0.375,0.5625,0.375,0.25,0.7912087912087912,1.0,2
268,0.6875,0.625,0.6875,0.75,0.75,0.5,0.875,0.8125,0.75,0.75,0.75,0.4375,0.5625,0.5,0.4375,0.75,0.4375,0.3125,0.3461538461538461,1.0,4
269,0.8571428571428571,0.8571428571428571,0.7857142857142857,0.6428571428571429,0.6428571428571429,0.4642857142857143,0.9642857142857144,0.9642857142857144,0.6428571428571429,0.6428571428571429,0.6428571428571429,0.25,0.4642857142857143,0.5714285714285714,0.32142857142857145,0.6428571428571429,0.25,0.6785714285714286,0.3736263736263736,3.333333333333333,1
270,0.5277777777777778,0.6388888888888888,0.75,0.6111111111111112,0.6111111111111112,0.5833333333333334,0.6944444444444444,0.6666666666666666,0.6388888888888888,0.6388888888888888,0.6111111111111112,0.5833333333333334,0.6111111111111112,0.6111111111111112,0.5555555555555556,0.6388888888888888,0.5833333333333334,0.3888888888888889,0.4034536891679749,2.333333333333333,2
271,1.0,0.75,1.0,0.75,0.75,0.5,1.0,1.0,0.75,0.75,0.75,0.25,0.5,0.5,0.25,0.75,0.25,0.25,0.3406593406593407,2.0,2
272,0.75,0.75,0.25,0.25,0.25,0.25,0.5,0.5,0.25,0.25,0.25,0.75,0.5,1.0,0.75,0.25,0.75,1.0,0.5274725274725275,0.0,3
273,0.625,0.625,0.75,0.625,0.625,0.875,0.75,0.75,0.625,0.625,0.625,0.5,0.625,0.5,0.5,0.625,0.5,0.25,0.0,1.0,4
274,0.25,1.0,0.5,1.0,1.0,0.75,0.5,0.75,1.0,1.0,1.0,0.75,1.0,0.5,0.5,1.0,0.75,1.0,0.5934065934065934,2.0,2
275,0.75,1.0,0.5,1.0,1.0,1.0,1.0,0.75,1.0,1.0,1.0,0.5,0.75,1.0,0.5,1.0,0.5,0.25,0.6153846153846154,1.0,4
276,0.35,0.4,0.55,0.8,0.8,0.8,0.5,0.5,0.75,0.75,0.75,0.7,0.65,0.55,0.7,0.8,0.65,0.6,0.23901098901098905,1.0,4
277,0.25,0.25,0.75,0.5,0.5,0.25,1.0,1.0,0.75,0.75,0.5,0.25,0.5,0.25,0.25,0.75,0.25,0.25,0.7252747252747253,0.0,3
278,0.75,0.25,0.25,0.25,0.25,1.0,0.25,0.25,0.25,0.25,0.25,1.0,0.25,1.0,1.0,0.25,1.0,0.25,0.0,0.0,3
279,0.25,0.25,0.75,0.5,0.5,0.75,1.0,1.0,0.75,0.75,0.5,0.5,0.5,0.75,0.5,0.75,0.5,0.25,0.0,0.0,3
280,0.75,0.5,0.75,0.75,0.75,0.75,0.75,0.75,0.75,0.75,0.75,0.5,0.5,1.0,0.5,0.75,0.5,0.5,0.0,0.0,3
281,0.660377358490566,0.6037735849056604,0.6226415094339622,0.7830188679245284,0.7830188679245284,0.6650943396226415,0.589622641509434,0.5801886792452831,0.7594339622641509,0.7594339622641509,0.7735849056603774,0.6981132075471698,0.7783018867924528,0.5990566037735849,0.6698113207547169,0.7688679245283019,0.6886792452830188,0.7216981132075472,0.4202102245580506,1.4166666666666667,2
282,0.8214285714285714,0.75,0.6071428571428571,0.75,0.75,0.5714285714285714,0.8571428571428571,0.8571428571428571,0.75,0.75,0.6785714285714286,0.3928571428571429,0.5357142857142857,0.3928571428571429,0.3928571428571429,0.75,0.3928571428571429,0.2857142857142857,0.4395604395604396,0.0,4
283,1.0,0.875,0.375,1.0,1.0,0.625,0.625,0.625,1.0,1.0,1.0,0.625,0.875,0.25,0.5,1.0,0.625,0.5,0.3626373626373626,0.0,4
284,0.5,0.6,0.7,0.75,0.75,0.65,0.65,0.7,0.85,0.85,0.8,0.55,0.8,0.45,0.55,0.9,0.55,0.6,0.3818681318681319,1.0,4
285,0.75,0.75,0.75,0.875,0.875,0.625,0.375,0.25,0.75,0.75,0.875,0.875,1.0,0.25,1.0,0.75,0.875,1.0,0.35714285714285715,0.0,4
286,0.5,0.25,0.5,0.75,0.75,0.5,1.0,1.0,0.75,0.75,0.75,0.25,0.5,0.25,0.25,0.75,0.25,0.25,0.0,1.0,4
287,0.25,0.5,0.75,0.75,0.75,0.75,0.5,0.5,1.0,1.0,1.0,0.75,0.75,0.75,0.75,1.0,0.75,0.25,0.4835164835164835,0.0,4
288,0.5801282051282052,0.5801282051282052,0.6602564102564102,0.5833333333333334,0.5833333333333334,0.6314102564102564,0.6923076923076923,0.6698717948717948,0.5865384615384616,0.5865384615384616,0.5737179487179487,0.5897435897435898,0.5384615384615384,0.6698717948717948,0.6089743589743589,0.592948717948718,0.5865384615384616,0.5448717948717948,0.4135864135864136,1.4615384615384617,4
289,1.0,0.75,1.0,1.0,1.0,0.75,0.25,0.25,1.0,1.0,1.0,1.0,1.0,0.5,1.0,1.0,1.0,1.0,0.31868131868131866,0.0,4
290,0.65,0.3,0.65,0.55,0.55,0.3,1.0,1.0,0.6,0.6,0.55,0.25,0.35,0.4,0.25,0.6,0.25,0.3,0.554945054945055,1.0,2
291,0.8,0.6,0.7,0.7,0.7,0.5,0.8,0.8,0.7,0.7,0.7,0.4,0.5,0.6,0.6,0.75,0.4,0.7,0.5851648351648352,1.0,4
292,1.0,0.25,0.25,0.5,0.5,0.5,1.0,1.0,0.5,0.5,0.5,0.25,0.25,1.0,0.5,0.5,0.25,0.5,0.06593406593406594,1.0,2
293,0.625,0.6785714285714286,0.5892857142857143,0.5357142857142857,0.5357142857142857,0.625,0.7678571428571429,0.8214285714285714,0.5714285714285714,0.5714285714285714,0.5714285714285714,0.4821428571428572,0.6428571428571429,0.44642857142857145,0.44642857142857145,0.5178571428571429,0.4821428571428572,0.35714285714285715,0.5409035409035409,1.0,4
294,0.75,0.75,1.0,0.5,0.5,0.25,0.25,0.25,0.5,0.5,0.5,1.0,1.0,0.25,1.0,0.5,1.0,0.75,0.3956043956043956,2.0,2
295,1.0,0.9375,0.625,0.75,0.75,0.5625,0.5625,0.625,0.75,0.75,0.75,0.6875,0.8125,0.5,0.625,0.75,0.625,0.625,0.315018315018315,1.0,4
296,0.6666666666666666,0.6666666666666666,0.6666666666666666,0.6666666666666666,0.6666666666666666,0.6666666666666666,0.8333333333333334,0.75,0.6666666666666666,0.6666666666666666,0.6666666666666666,0.5,0.4166666666666667,0.5833333333333334,0.5833333333333334,0.6666666666666666,0.5,0.75,0.42857142857142855,0.0,4
297,0.25,0.25,0.75,0.25,0.25,0.5,1.0,1.0,0.25,0.25,0.25,0.25,0.25,0.25,0.25,0.25,0.25,0.5,0.0,0.0,3
298,0.6189024390243902,0.7957317073170732,0.7042682926829268,0.7682926829268293,0.7682926829268293,0.7195121951219512,0.5091463414634146,0.5670731707317073,0.7987804878048781,0.7987804878048781,0.7987804878048781,0.8201219512195121,0.8018292682926829,0.5975609756097561,0.6280487804878049,0.7469512195121951,0.8201219512195121,0.6554878048780488,0.3852344838260329,1.4285714285714286,2
299,0.4166666666666667,0.3333333333333333,0.4166666666666667,0.75,0.75,0.5833333333333334,0.5,0.5,0.8333333333333334,0.8333333333333334,0.8333333333333334,0.8333333333333334,0.75,0.5833333333333334,0.75,0.75,0.8333333333333334,0.75,0.31868131868131866,1.0,4
300,0.75,0.8333333333333334,0.75,0.5833333333333334,0.5833333333333334,0.4166666666666667,0.6666666666666666,0.5833333333333334,0.5833333333333334,0.5833333333333334,0.5833333333333334,0.5,0.5833333333333334,0.5833333333333334,0.6666666666666666,0.5833333333333334,0.5,0.75,0.445054945054945,1.5,4
301,0.8461538461538461,0.9423076923076924,0.5961538461538461,0.6730769230769231,0.6730769230769231,0.6730769230769231,0.7692307692307693,0.8076923076923077,0.6730769230769231,0.6730769230769231,0.6730769230769231,0.5769230769230769,0.5961538461538461,0.5961538461538461,0.4230769230769231,0.6538461538461539,0.5576923076923077,0.6153846153846154,0.5949764521193093,2.75,2
302,0.4863013698630137,0.4726027397260274,0.5958904109589042,0.541095890410959,0.541095890410959,0.7328767123287672,0.6164383561643836,0.6369863013698629,0.5308219178082192,0.5308219178082192,0.5308219178082192,0.5821917808219178,0.547945205479452,0.6369863013698629,0.5787671232876712,0.547945205479452,0.5958904109589042,0.4726027397260274,0.4379017209205887,1.0,4
303,0.75,0.75,0.75,0.25,0.25,0.25,0.5,0.5,0.25,0.25,0.25,0.5,0.75,0.75,0.75,0.25,0.75,0.5,0.3626373626373626,0.0,3
304,0.5172413793103449,0.4827586206896552,0.6508620689655172,0.603448275862069,0.603448275862069,0.5818965517241379,0.7715517241379308,0.7284482758620692,0.5991379310344828,0.5991379310344828,0.5991379310344828,0.4870689655172414,0.5732758620689655,0.5517241379310345,0.5258620689655172,0.625,0.5,0.4870689655172414,0.4925331079177232,1.4736842105263157,2
305,0.25,0.25,0.75,0.25,0.25,0.5,1.0,1.0,0.25,0.25,0.25,0.25,0.25,0.25,0.25,0.25,0.25,0.5,0.0,0.0,3
306,0.25,0.25,0.75,0.4375,0.4375,0.3125,1.0,1.0,0.4375,0.4375,0.4375,0.25,0.4375,0.25,0.25,0.4375,0.25,0.5,0.7472527472527473,1.0,2
307,0.6666666666666666,0.5,0.5833333333333334,0.9166666666666666,0.9166666666666666,0.6666666666666666,0.5833333333333334,0.5,0.9166666666666666,0.9166666666666666,0.9166666666666666,0.75,0.9166666666666666,0.5,0.75,1.0,0.75,0.5833333333333334,0.5494505494505494,1.0,4
308,0.6112266112266113,0.619412681912682,0.6170738045738046,0.6550155925155925,0.6550155925155925,0.6308471933471933,0.5997920997920998,0.6012214137214137,0.6554054054054054,0.6554054054054054,0.6542359667359667,0.6542359667359667,0.646049896049896,0.6279885654885655,0.6431912681912682,0.6578742203742204,0.6535862785862786,0.6312370062370062,0.44324189664240105,1.5598455598455598,2
309,0.5,0.5,0.25,1.0,1.0,0.75,1.0,1.0,1.0,1.0,1.0,1.0,1.0,1.0,0.25,1.0,1.0,0.25,0.5274725274725275,1.0,4
310,0.8333333333333334,0.9166666666666666,0.6666666666666666,0.5,0.5,0.3333333333333333,0.9166666666666666,0.8333333333333334,0.5,0.5,0.4166666666666667,0.3333333333333333,0.3333333333333333,0.6666666666666666,0.4166666666666667,0.5,0.3333333333333333,0.75,0.5274725274725275,2.0,2
311,0.625,0.875,0.5,0.75,0.75,0.875,0.875,0.875,0.75,0.75,0.75,0.5,0.875,0.625,0.625,0.75,0.5,0.25,0.4505494505494506,0.0,4
312,0.6470588235294118,0.5735294117647058,0.6617647058823529,0.75,0.75,0.6764705882352942,0.5,0.5441176470588235,0.75,0.75,0.75,0.7205882352941176,0.7205882352941176,0.5,0.6617647058823529,0.75,0.7205882352941176,0.6470588235294118,0.3579277864992151,1.3333333333333333,2
313,0.25,0.5,0.75,1.0,1.0,0.75,0.75,1.0,1.0,1.0,1.0,0.75,1.0,0.25,0.25,1.0,0.5,0.5,0.21978021978021975,0.0,4
314,0.5,0.75,0.5,0.75,0.75,0.5,1.0,1.0,0.75,0.75,0.75,0.25,0.5,0.75,0.5,0.75,0.25,0.5,0.2087912087912088,0.0,3
315,0.65,0.8,0.9,0.8,0.8,0.75,0.65,0.7,0.8,0.8,0.8,0.55,0.8,0.55,0.7,0.8,0.55,0.7,0.5641025641025642,2.0,2
316,0.6875,0.75,0.75,0.5,0.5,0.375,0.8125,0.875,0.5,0.5,0.4375,0.25,0.5,0.375,0.3125,0.5,0.3125,0.375,0.2454212454212454,2.5,1
317,0.6206896551724138,0.6982758620689655,0.6724137931034483,0.6551724137931034,0.6551724137931034,0.5862068965517241,0.6810344827586207,0.6896551724137931,0.6982758620689655,0.6982758620689655,0.6982758620689655,0.6379310344827587,0.6896551724137931,0.5603448275862069,0.5603448275862069,0.6551724137931034,0.6379310344827587,0.5775862068965517,0.4340659340659341,1.125,4
318,0.55,0.8125,0.625,0.525,0.525,0.65,0.775,0.7625,0.525,0.525,0.525,0.525,0.65,0.45,0.425,0.5125,0.525,0.375,0.4457417582417582,1.5714285714285714,2
319,0.625,0.625,0.75,0.35,0.35,0.625,0.725,0.675,0.35,0.35,0.35,0.525,0.525,0.525,0.6,0.375,0.525,0.425,0.5592185592185592,2.6,1
320,0.6,0.45,0.75,0.45,0.45,0.4,0.6,0.6,0.5,0.5,0.5,0.7,0.7,0.55,0.65,0.45,0.7,0.45,0.31135531135531136,0.0,3
321,0.622093023255814,0.5174418604651163,0.5406976744186046,0.5813953488372093,0.5813953488372093,0.5406976744186046,0.6046511627906976,0.6162790697674418,0.5465116279069767,0.5465116279069767,0.5581395348837209,0.622093023255814,0.5813953488372093,0.5232558139534884,0.5988372093023255,0.6104651162790697,0.622093023255814,0.5348837209302325,0.3571428571428572,1.3076923076923077,4
322,0.75,0.75,0.625,0.5,0.5,0.4375,0.8125,0.875,0.5,0.5,0.5625,0.4375,0.4375,0.8125,0.375,0.5625,0.4375,0.5,0.3296703296703297,1.0,2
323,0.25,0.25,0.5,0.5,0.5,0.25,0.5,0.5,0.5,0.5,0.5,0.75,0.25,0.5,0.75,0.5,0.75,0.25,0.42857142857142855,0.0,3
324,0.5833333333333334,0.3333333333333333,0.5,0.9166666666666666,0.9166666666666666,0.6666666666666666,0.6666666666666666,0.8333333333333334,0.9166666666666666,0.9166666666666666,0.9166666666666666,0.3333333333333333,0.5833333333333334,0.5,0.3333333333333333,0.9166666666666666,0.3333333333333333,0.4166666666666667,0.5054945054945055,1.0,4
325,0.625,0.625,0.5,0.625,0.625,0.375,0.25,0.5,0.625,0.625,0.625,0.75,0.625,0.625,0.75,0.625,0.75,0.5,0.3571428571428571,3.0,2
326,0.4166666666666667,0.75,0.5,0.5,0.5,0.6666666666666666,0.75,0.75,0.5,0.5,0.5,0.5,0.5,0.5833333333333334,0.5833333333333334,0.5,0.5,0.5833333333333334,0.42857142857142855,0.0,3
327,0.7083333333333334,0.6666666666666666,0.5,0.9166666666666666,0.9166666666666666,0.5833333333333334,0.875,0.9166666666666666,0.9166666666666666,0.9166666666666666,0.9166666666666666,0.25,0.625,0.375,0.25,0.9166666666666666,0.25,0.4166666666666667,0.24175824175824176,1.5,4
328,0.5,0.875,0.75,0.25,0.25,0.625,0.625,0.625,0.25,0.25,0.25,0.625,0.5,0.25,0.5,0.25,0.625,0.25,0.7032967032967034,3.0,1
329,0.5,0.5,0.25,1.0,1.0,1.0,0.25,0.25,1.0,1.0,1.0,1.0,1.0,1.0,1.0,1.0,1.0,1.0,0.7142857142857143,0.0,4
330,0.45,0.475,0.6375,0.65,0.65,0.675,0.8625,0.8625,0.65,0.65,0.6625,0.3875,0.575,0.4125,0.4,0.6625,0.3875,0.3625,0.2206959706959707,1.7777777777777777,2
331,0.5257352941176471,0.5992647058823529,0.7242647058823529,0.5955882352941176,0.5955882352941176,0.6176470588235294,0.6875,0.6801470588235294,0.5955882352941176,0.5955882352941176,0.5882352941176471,0.5330882352941176,0.6176470588235294,0.5808823529411765,0.5772058823529411,0.6102941176470589,0.5514705882352942,0.5110294117647058,0.35734635734635745,1.1666666666666667,4
332,0.5,0.25,0.5,0.75,0.75,0.75,0.25,0.25,0.75,0.75,0.75,0.75,0.5,1.0,1.0,0.75,0.75,0.5,0.42857142857142855,0.0,4
333,0.25,0.5,0.75,0.75,0.75,1.0,0.25,0.25,0.5,0.5,0.5,1.0,1.0,1.0,1.0,0.75,1.0,0.25,0.7142857142857143,1.0,4
334,0.75,0.5416666666666666,0.4583333333333333,0.5,0.5,0.6666666666666666,0.5416666666666666,0.5,0.5,0.5,0.5416666666666666,0.75,0.4583333333333333,0.7916666666666666,0.7916666666666666,0.5416666666666666,0.75,0.625,0.5098901098901099,1.5,4
335,0.25,0.25,0.75,0.75,0.75,1.0,0.5,0.5,0.75,0.75,0.75,0.75,0.25,0.75,0.75,0.75,0.75,0.5,0.5494505494505495,0.0,3
336,0.6663652802893311,0.6546112115732369,0.6311030741410488,0.6265822784810127,0.6265822784810127,0.5840867992766727,0.6984629294755877,0.6925858951175407,0.6234177215189873,0.6234177215189873,0.620253164556962,0.5596745027124774,0.6012658227848101,0.5840867992766727,0.5614828209764918,0.6360759493670886,0.5492766726943942,0.6238698010849909,0.4291195740126861,1.6134969325153374,2
337,0.5,1.0,0.25,1.0,1.0,0.75,0.75,0.75,1.0,1.0,1.0,0.25,1.0,0.25,0.25,1.0,0.5,1.0,0.2857142857142857,0.0,4
338,1.0,1.0,1.0,0.5,0.5,0.25,1.0,1.0,0.5,0.5,0.5,0.25,0.75,0.25,0.25,0.75,0.25,0.75,0.7692307692307693,3.0,1
339,1.0,1.0,1.0,0.5,0.5,0.25,1.0,1.0,0.5,0.5,0.5,0.25,0.75,0.25,0.25,0.5,0.25,0.25,0.0,2.0,2
340,0.5,0.25,0.25,0.75,0.75,0.25,0.25,0.25,0.75,0.75,0.75,1.0,0.75,0.75,1.0,0.75,1.0,1.0,0.5274725274725275,0.0,4
341,0.5,0.5,0.5,0.75,0.75,0.5,0.625,0.625,0.75,0.75,0.75,0.5,0.5,0.5,0.75,0.75,0.5,1.0,0.5879120879120878,3.0,2
342,0.5860091743119266,0.5676605504587156,0.6341743119266054,0.6846330275229358,0.6846330275229358,0.6284403669724771,0.5619266055045872,0.5963302752293578,0.7075688073394495,0.7075688073394495,0.7041284403669725,0.6869266055045872,0.6869266055045872,0.6536697247706422,0.6490825688073395,0.7064220183486238,0.6869266055045872,0.6490825688073395,0.4327888327888331,2.1333333333333333,2
343,1.0,1.0,1.0,0.3,0.3,0.25,1.0,1.0,0.3,0.3,0.3,0.25,0.75,0.25,0.25,0.3,0.25,0.85,0.4175824175824176,2.0,2
344,1.0,1.0,1.0,0.75,0.75,0.75,0.75,0.75,0.75,0.75,0.75,0.5,0.5,0.75,0.5,0.75,0.5,0.5,0.42857142857142855,1.0,4
345,0.75,0.6875,0.5,0.75,0.75,0.8125,0.625,0.8125,0.6875,0.6875,0.6875,0.5625,0.8125,0.5,0.4375,0.75,0.5625,0.625,0.3406593406593407,1.0,4
346,0.75,0.5,0.5,1.0,1.0,0.25,0.25,0.25,1.0,1.0,1.0,1.0,1.0,0.75,1.0,1.0,1.0,1.0,0.5054945054945055,0.0,4
347,0.6136363636363636,0.7272727272727273,0.5909090909090909,0.6477272727272727,0.6477272727272727,0.7272727272727273,0.6477272727272727,0.6136363636363636,0.6363636363636364,0.6363636363636364,0.6363636363636364,0.6818181818181818,0.7045454545454546,0.6931818181818182,0.6363636363636364,0.6477272727272727,0.6704545454545454,0.5681818181818182,0.4489795918367347,1.4545454545454546,2
348,1.0,0.5,1.0,1.0,1.0,0.75,0.25,0.75,1.0,1.0,1.0,1.0,1.0,1.0,0.25,1.0,1.0,0.75,0.38461538461538464,0.0,4
349,0.25,0.5,0.5,0.25,0.25,0.5,0.5,0.75,0.25,0.25,0.25,0.5,0.75,1.0,0.5,0.25,0.5,1.0,0.8461538461538461,1.0,2
350,0.5,0.25,0.5,0.5,0.5,0.25,0.75,0.25,0.5,0.5,0.5,0.75,1.0,0.25,0.75,0.5,0.75,1.0,0.8571428571428571,0.0,4
351,0.75,0.25,0.25,1.0,1.0,0.75,0.25,0.25,1.0,1.0,1.0,1.0,0.75,0.25,1.0,1.0,1.0,1.0,0.0,0.0,4
352,1.0,1.0,0.25,0.25,0.25,1.0,0.75,1.0,0.25,0.25,0.25,0.25,0.25,0.25,0.25,0.25,0.25,0.5,0.38461538461538464,0.0,3
353,0.75,0.25,0.375,0.625,0.625,0.625,0.375,0.5,0.625,0.625,0.625,0.75,0.625,0.75,0.75,0.625,0.75,0.625,0.4175824175824176,0.0,4
354,1.0,1.0,1.0,0.25,0.25,0.25,1.0,1.0,0.25,0.25,0.25,0.25,0.5,0.5,0.25,0.25,0.25,0.5,0.0,0.0,3
355,0.75,0.8125,0.71875,0.65625,0.65625,0.53125,0.75,0.71875,0.625,0.625,0.625,0.5,0.5625,0.65625,0.53125,0.6875,0.5,0.6875,0.4681318681318681,1.2,4
356,0.75,0.8214285714285714,0.7142857142857143,0.6607142857142857,0.6607142857142857,0.625,0.8214285714285714,0.7678571428571429,0.6607142857142857,0.6607142857142857,0.6428571428571429,0.5535714285714286,0.6607142857142857,0.5714285714285714,0.44642857142857145,0.6607142857142857,0.5535714285714286,0.4642857142857143,0.4010989010989012,2.0,2
357,0.7364864864864865,0.7162162162162162,0.7094594594594594,0.6216216216216216,0.6216216216216216,0.7162162162162162,0.6554054054054054,0.6283783783783784,0.6216216216216216,0.6216216216216216,0.6148648648648649,0.6756756756756757,0.6756756756756757,0.6554054054054054,0.5878378378378378,0.6148648648648649,0.6756756756756757,0.6216216216216216,0.4660154660154661,2.2142857142857144,2
358,0.625,0.375,0.75,0.25,0.25,0.25,0.875,0.875,0.25,0.25,0.25,0.375,0.375,0.5,0.375,0.25,0.375,0.25,0.3736263736263736,0.0,3
359,1.0,1.0,1.0,1.0,1.0,0.75,0.5,0.75,1.0,1.0,1.0,1.0,1.0,1.0,0.25,1.0,1.0,0.75,0.3956043956043956,0.0,4
360,1.0,1.0,1.0,0.5,0.5,0.25,1.0,1.0,0.5,0.5,0.5,0.25,0.75,0.25,0.25,0.5,0.25,0.25,0.0,2.0,2
361,0.625,0.5,0.75,0.625,0.625,0.375,1.0,1.0,0.625,0.625,0.625,0.25,0.375,0.25,0.25,0.625,0.25,0.25,0.0879120879120879,1.0,4
362,0.25,0.25,0.75,0.25,0.25,0.5,1.0,1.0,0.25,0.25,0.25,0.25,0.25,0.25,0.25,0.25,0.25,0.5,0.0,0.0,3
363,0.5,0.75,0.25,0.75,0.75,0.5,0.75,0.75,0.75,0.75,0.75,0.5,0.75,0.5,0.75,0.75,0.5,0.75,0.4175824175824176,0.0,4
364,0.5,0.5,1.0,1.0,1.0,0.75,0.75,1.0,1.0,1.0,1.0,0.5,1.0,0.25,0.25,1.0,0.5,0.5,0.2637362637362637,0.0,4
365,0.5,0.5,1.0,1.0,1.0,0.75,0.75,1.0,1.0,1.0,1.0,0.5,1.0,0.25,0.25,1.0,0.5,0.5,0.2637362637362637,0.0,4
366,0.75,0.4166666666666667,0.4166666666666667,0.6666666666666666,0.6666666666666666,0.8333333333333334,0.8333333333333334,0.75,0.6666666666666666,0.6666666666666666,0.6666666666666666,0.5,0.5833333333333334,0.5833333333333334,0.5,0.6666666666666666,0.5,0.4166666666666667,0.3901098901098901,2.0,2
367,0.75,0.625,0.375,0.625,0.625,0.25,0.5,0.5,0.625,0.625,0.625,0.75,1.0,0.625,0.875,0.625,0.75,0.875,0.6428571428571428,0.0,4
368,1.0,0.75,0.5,1.0,1.0,0.75,1.0,1.0,1.0,1.0,1.0,0.25,0.75,0.25,0.25,1.0,0.25,0.25,0.0,0.0,4
369,0.25,0.25,0.75,0.25,0.25,0.5,1.0,1.0,0.25,0.25,0.25,0.25,0.25,0.25,0.25,0.25,0.25,0.5,0.0,0.0,3
370,0.6666666666666666,0.5833333333333334,0.5,0.4166666666666667,0.4166666666666667,0.6666666666666666,0.5,0.5,0.3333333333333333,0.3333333333333333,0.3333333333333333,0.75,0.4166666666666667,0.6666666666666666,0.75,0.3333333333333333,0.75,0.75,0.4175824175824176,2.0,2
371,0.25,0.75,0.5,0.25,0.25,1.0,0.5,0.75,0.25,0.25,0.25,0.75,0.75,1.0,0.5,0.25,0.75,0.5,0.7692307692307693,0.0,3
372,0.5,0.75,0.625,0.4583333333333333,0.4583333333333333,0.625,0.5833333333333334,0.625,0.4583333333333333,0.4583333333333333,0.5,0.6666666666666666,0.5833333333333334,0.8333333333333334,0.625,0.5,0.6666666666666666,0.5416666666666666,0.7106227106227107,0.0,3
373,0.875,0.8,0.55,0.775,0.775,0.8,0.5,0.55,0.775,0.775,0.775,0.775,0.775,0.55,0.7,0.75,0.775,0.475,0.4126984126984126,2.1666666666666665,2
