1,0.75,0.5,1,1,0.5,0.25,0.5,1,1,1,1,1,0.25,0.75,1,1,1,0.153846154,0.033333333
0.75,0.25,0.25,1,1,0.75,0.25,0.25,1,1,1,1,0.75,0.25,1,1,1,1,0,0.033333333
1,0.75,1,1,1,0.75,0.25,0.25,1,1,1,1,1,0.5,1,1,1,1,0.318681319,0.033333333
0.75,0.5,0.5,1,1,0.25,0.25,0.25,1,1,1,1,1,0.75,1,1,1,1,0.505494505,0.033333333
0.25,0.5,0.5,0.75,0.75,0.25,0.5,0.5,0.75,0.75,0.75,0.75,0.75,1,0.75,0.75,0.75,0.75,0.428571429,0.066666667
0.75,0.25,0.25,0.75,0.75,0.75,0.25,0.25,0.75,0.75,0.75,1,0.75,1,1,0.75,1,1,0.428571429,0.066666667
0.666666667,0.75,0.75,1,1,0.833333333,0.583333333,0.5,1,1,1,0.833333333,0.916666667,0.75,0.75,1,0.833333333,1,0.483516484,0.066666667
0.25,0.75,0.75,1,1,1,0.5,0.5,1,1,1,1,0.75,0.75,0.75,1,1,1,0.428571429,0.066666667
1,0.25,1,1,1,0.75,0.25,0.25,0.75,0.75,1,0.75,0.75,1,1,1,1,1,0.769230769,0.066666667
0.25,0.5,0.75,1,1,0.75,0.25,0.5,1,1,1,1,0.75,0.5,0.75,1,1,1,0.604395604,0.066666667
0.45,0.5,0.65,1,1,0.9,0.3,0.3,1,1,1,0.85,0.9,0.85,0.9,0.95,0.85,0.85,0.39010989,0.066666667
0.5,0.5,0.25,1,1,1,0.25,0.25,1,1,1,1,1,1,1,1,1,1,0.714285714,0.066666667
0.25,0.25,0.5,0.75,0.75,0.75,0.25,0.25,0.75,0.75,1,0.75,0.75,1,1,1,0.75,1,0.428571429,0.066666667
0.5,0.25,0.5,0.75,0.75,0.75,0.25,0.25,0.75,0.75,0.75,0.75,0.5,1,1,0.75,0.75,0.5,0.428571429,0.066666667
0.5,0.25,0.25,0.75,0.75,0.25,0.25,0.25,0.75,0.75,0.75,1,0.75,0.75,1,0.75,1,1,0.527472527,0.066666667
0.75,0.75,1,0.5,0.5,0.5,0.25,0.25,0.5,0.5,0.5,0.75,0.5,0.75,1,0.5,1,0.75,0.087912088,0.1
0.75,0.5,1,0.5,0.5,0.25,0.25,0.25,0.5,0.5,0.5,0.75,0.25,1,1,0.5,0.75,1,0.428571429,0.1
0.375,0.625,0.5,0.625,0.625,1,0.25,0.25,0.625,0.625,0.625,1,0.875,0.625,0.875,0.625,1,0.625,0.703296703,0.133333333
0.45,0.425,0.725,0.575,0.575,0.725,0.45,0.425,0.475,0.475,0.475,0.8,0.45,0.875,0.825,0.475,0.825,0.35,0.565323565,0.133333333
0.625,0.625,0.375,0.5,0.5,0.875,0.375,0.375,0.5,0.5,0.5,0.875,0.5,0.875,0.875,0.5,0.875,0.375,0.736263736,0.133333333
0.25,0.5,0.75,0.75,0.75,1,0.25,0.25,0.5,0.5,0.5,1,1,1,1,0.75,1,0.25,0.714285714,0.133333333
0.75,0.75,0.75,0.875,0.875,0.625,0.375,0.25,0.75,0.75,0.875,0.875,1,0.25,1,0.75,0.875,1,0.357142857,0.166666667
0.75,0.833333333,0.75,0.666666667,0.666666667,0.666666667,0.416666667,0.333333333,0.666666667,0.666666667,0.666666667,0.916666667,0.75,0.666666667,0.833333333,0.666666667,0.916666667,0.666666667,0.523809524,0.166666667
0.75,0.75,1,0.5,0.5,0.25,0.25,0.25,0.5,0.5,0.5,1,1,0.25,1,0.5,1,0.75,0.395604396,0.166666667
0.642857143,0.892857143,0.642857143,0.678571429,0.678571429,0.571428571,0.357142857,0.392857143,0.75,0.75,0.75,0.857142857,0.678571429,0.714285714,0.857142857,0.678571429,0.892857143,0.714285714,0.381475667,0.166666667
0.875,0.75,0.875,0.75,0.75,0.625,0.25,0.5,0.625,0.625,0.75,1,1,0.375,0.75,0.75,1,0.875,0.351648352,0.166666667
0.666666667,1,0.666666667,0.666666667,0.666666667,0.75,0.25,0.416666667,0.666666667,0.666666667,0.666666667,1,1,0.5,0.75,0.666666667,1,0.416666667,0.307692308,0.166666667
0.75,1,1,1,1,0.75,0.75,1,1,1,1,0.25,0.75,0.75,0.25,1,0.25,0.75,0.186813187,0.2
1,1,1,1,1,0.5,1,1,1,1,1,0.25,0.75,0.25,0.25,1,0.25,0.75,0,0.2
1,1,0.5,1,1,0.5,1,1,1,1,1,0.25,0.75,0.25,0.25,1,0.25,1,0,0.2
1,0.875,0.375,1,1,0.625,0.625,0.625,1,1,1,0.625,0.875,0.25,0.5,1,0.625,0.5,0.362637363,0.233333333
1,0.75,0.5,1,1,0.75,1,1,1,1,1,0.25,0.75,0.25,0.25,1,0.25,0.25,0,0.233333333
1,0.75,0.5,1,1,0.75,1,1,1,1,1,0.25,0.75,0.25,0.25,1,0.25,0.25,0,0.233333333
1,1,0.25,1,1,0.75,1,1,1,1,1,0.25,0.75,0.5,0.25,1,0.25,0.25,0,0.233333333
1,0.5,0.25,1,1,0.75,1,0.75,1,1,1,0.5,1,0.25,0.5,1,0.5,0.5,0.197802198,0.233333333
0.25,1,0.75,0.75,0.75,0.75,1,0.75,1,1,1,0.25,0.75,0.5,0.5,1,0.25,0.25,0.274725275,0.233333333
0.5,1,0.75,1,1,0.75,1,0.75,1,1,1,0.5,0.75,0.25,0.25,1,0.25,0.25,0.318681319,0.233333333
0.75,1,0.5,1,1,1,1,0.75,1,1,1,0.5,0.75,1,0.5,1,0.5,0.25,0.615384615,0.233333333
0.75,1,0.5,1,1,1,1,0.75,1,1,1,0.5,0.75,1,0.5,1,0.5,0.25,0.615384615,0.233333333
0.75,0.5,0.25,1,1,0.5,1,1,1,1,1,0.25,0.75,0.5,0.25,1,0.25,0.25,0,0.233333333
0.75,1,0.5,1,1,1,1,0.75,1,1,1,0.5,0.75,1,0.5,1,0.5,0.25,0.615384615,0.233333333
1,1,0.25,1,1,0.75,1,1,1,1,1,0.25,0.75,0.5,0.25,1,0.25,0.25,0,0.233333333
1,0.75,0.5,1,1,0.75,1,1,1,1,1,0.25,0.75,0.25,0.25,1,0.25,0.25,0,0.233333333
0.708333333,0.666666667,0.5,0.916666667,0.916666667,0.583333333,0.875,0.916666667,0.916666667,0.916666667,0.916666667,0.25,0.625,0.375,0.25,0.916666667,0.25,0.416666667,0.241758242,0.233333333
0.75,0.5,0.25,1,1,0.5,1,1,1,1,1,0.25,0.75,0.5,0.25,1,0.25,0.25,0,0.233333333
1,1,0.625,0.875,0.875,0.75,1,1,0.875,0.875,0.875,0.375,0.5,0.75,0.375,0.875,0.375,0.25,0.631868132,0.233333333
1,0.75,0.5,1,1,0.75,1,1,1,1,1,0.25,0.75,0.25,0.25,1,0.25,0.25,0,0.233333333
1,1,1,1,1,0.75,0.5,0.75,1,1,1,1,1,1,0.25,1,1,0.75,0.395604396,0.266666667
1,0.5,1,1,1,0.75,0.25,0.75,1,1,1,1,1,1,0.25,1,1,0.75,0.384615385,0.266666667
0.25,1,0.5,1,1,0.75,0.5,0.75,1,1,1,0.75,1,0.5,0.5,1,0.75,1,0.593406593,0.3
0.25,0.5,0.75,1,1,0.75,0.75,1,1,1,1,0.75,1,0.25,0.25,1,0.5,0.5,0.21978022,0.3
0.5,0.5,1,1,1,0.75,0.75,1,1,1,1,0.5,1,0.25,0.25,1,0.5,0.5,0.263736264,0.3
0.5,0.5,1,1,1,0.75,0.75,1,1,1,1,0.5,1,0.25,0.25,1,0.5,0.5,0.263736264,0.3
0.25,1,0.5,1,1,0.75,0.5,0.75,1,1,1,0.75,1,0.5,0.5,1,0.75,1,0.593406593,0.3
0.5,1,0.25,1,1,0.75,0.75,0.75,1,1,1,0.25,1,0.25,0.25,1,0.5,1,0.285714286,0.3
0.4375,0.9375,1,1,1,0.625,0.6875,0.8125,1,1,1,0.8125,1,0.3125,0.25,0.9375,0.8125,0.4375,0.57967033,0.3
0.375,0.75,0.5,1,1,0.9375,0.625,0.6875,1,1,1,0.625,0.8125,0.4375,0.5,1,0.625,0.625,0.472527473,0.3
0.5,1,0.5,1,1,0.5,0.75,1,1,1,1,0.75,1,0.25,0.25,1,0.75,0.5,0.164835165,0.3
1,1,1,0.75,0.75,0.75,0.75,0.75,0.75,0.75,0.75,0.5,0.5,0.75,0.5,0.75,0.5,0.5,0.428571429,0.333333333
0.65,0.615625,0.63125,0.659375,0.659375,0.65,0.609375,0.60625,0.6625,0.6625,0.6625,0.65,0.68125,0.61875,0.634375,0.6625,0.646875,0.6125,0.469047619,0.333333333
0.588709677,0.634164223,0.668621701,0.701612903,0.701612903,0.641495601,0.559384164,0.59457478,0.691348974,0.691348974,0.694281525,0.683284457,0.680351906,0.641495601,0.648093842,0.698680352,0.67888563,0.66202346,0.409583614,0.333333333
0.625,0.875,0.5,0.75,0.75,0.875,0.875,0.875,0.75,0.75,0.75,0.5,0.875,0.625,0.625,0.75,0.5,0.25,0.450549451,0.333333333
0.6875,0.625,0.3125,0.8125,0.8125,0.5625,0.75,0.75,0.8125,0.8125,0.8125,0.5,0.6875,0.625,0.4375,0.8125,0.5,0.5,0.379120879,0.333333333
0.5,0.625,0.875,0.875,0.875,0.625,0.625,0.75,0.875,0.875,0.875,0.625,0.75,0.25,0.5,0.875,0.625,0.75,0.098901099,0.333333333
0.5,0.625,0.625,0.875,0.875,0.625,0.375,0.625,0.75,0.75,0.875,0.625,0.75,0.625,0.625,1,0.625,0.625,0.494505495,0.333333333
0.5,0.5,0.25,0.75,0.75,0.5,0.75,0.75,0.75,0.75,0.75,0.5,0.5,0.75,0.75,0.75,0.5,1,0.428571429,0.333333333
0.65,0.8,0.9,0.8,0.8,0.75,0.65,0.7,0.8,0.8,0.8,0.55,0.8,0.55,0.7,0.8,0.55,0.7,0.564102564,0.333333333
0.620689655,0.698275862,0.672413793,0.655172414,0.655172414,0.586206897,0.681034483,0.689655172,0.698275862,0.698275862,0.698275862,0.637931034,0.689655172,0.560344828,0.560344828,0.655172414,0.637931034,0.577586207,0.434065934,0.333333333
0.701298701,0.785714286,0.633116883,0.62987013,0.62987013,0.691558442,0.62987013,0.691558442,0.62987013,0.62987013,0.62012987,0.613636364,0.668831169,0.448051948,0.551948052,0.642857143,0.616883117,0.5,0.440959041,0.333333333
0.75,0.6875,0.5,0.75,0.75,0.8125,0.625,0.8125,0.6875,0.6875,0.6875,0.5625,0.8125,0.5,0.4375,0.75,0.5625,0.625,0.340659341,0.333333333
0.6875,0.625,0.5625,0.625,0.625,0.5,0.625,0.625,0.625,0.625,0.625,0.5625,0.625,0.875,0.625,0.625,0.625,0.5625,0.575091575,0.333333333
0.5,0.5,0.5,0.75,0.75,0.5,0.625,0.625,0.75,0.75,0.75,0.5,0.5,0.5,0.75,0.75,0.5,1,0.587912088,0.333333333
0.666666667,0.666666667,0.791666667,0.708333333,0.708333333,0.583333333,0.708333333,0.75,0.708333333,0.708333333,0.708333333,0.541666667,0.666666667,0.5,0.458333333,0.666666667,0.5,0.916666667,0.351648352,0.333333333
0.552325581,0.534883721,0.61627907,0.686046512,0.686046512,0.668604651,0.656976744,0.61627907,0.680232558,0.680232558,0.674418605,0.622093023,0.645348837,0.691860465,0.61627907,0.668604651,0.627906977,0.587209302,0.417285417,0.333333333
0.57,0.69,0.67,0.74,0.74,0.52,0.78,0.78,0.73,0.73,0.73,0.5,0.64,0.58,0.51,0.81,0.49,0.6,0.46978022,0.333333333
0.586009174,0.56766055,0.634174312,0.684633028,0.684633028,0.628440367,0.561926606,0.596330275,0.707568807,0.707568807,0.70412844,0.686926606,0.686926606,0.653669725,0.649082569,0.706422018,0.686926606,0.649082569,0.432788833,0.333333333
0.681818182,0.545454545,0.545454545,0.659090909,0.659090909,0.613636364,0.681818182,0.681818182,0.681818182,0.681818182,0.659090909,0.568181818,0.545454545,0.772727273,0.636363636,0.681818182,0.613636364,0.704545455,0.433281005,0.333333333
0.552631579,0.697368421,0.75,0.684210526,0.684210526,0.605263158,0.763157895,0.723684211,0.710526316,0.710526316,0.710526316,0.526315789,0.592105263,0.5,0.565789474,0.697368421,0.5,0.723684211,0.395604396,0.333333333
0.625,0.65,0.725,0.75,0.75,0.725,0.85,0.8,0.725,0.725,0.725,0.5,0.625,0.425,0.4,0.7,0.45,0.6,0.337912088,0.333333333
0.75,0.5,0.75,0.75,0.75,0.75,0.75,0.75,0.75,0.75,0.75,0.5,0.5,1,0.5,0.75,0.5,0.5,0,0.333333333
0.5,0.6,0.7,0.75,0.75,0.65,0.65,0.7,0.85,0.85,0.8,0.55,0.8,0.45,0.55,0.9,0.55,0.6,0.381868132,0.333333333
0.736486486,0.716216216,0.709459459,0.621621622,0.621621622,0.716216216,0.655405405,0.628378378,0.621621622,0.621621622,0.614864865,0.675675676,0.675675676,0.655405405,0.587837838,0.614864865,0.675675676,0.621621622,0.466015466,0.333333333
0.598101266,0.556962025,0.655063291,0.64556962,0.64556962,0.623417722,0.661392405,0.674050633,0.651898734,0.651898734,0.64556962,0.598101266,0.623417722,0.620253165,0.560126582,0.64556962,0.601265823,0.57278481,0.389085491,0.333333333
0.5,0.75,0.666666667,0.75,0.75,0.833333333,0.583333333,0.583333333,0.666666667,0.666666667,0.583333333,0.666666667,0.75,0.666666667,0.666666667,0.75,0.666666667,0.583333333,0.752747253,0.333333333
0.75,0.708333333,0.375,0.833333333,0.833333333,0.916666667,0.75,0.791666667,0.791666667,0.791666667,0.791666667,0.583333333,0.708333333,0.75,0.541666667,0.791666667,0.583333333,0.458333333,0.643956044,0.333333333
0.613636364,0.727272727,0.590909091,0.647727273,0.647727273,0.727272727,0.647727273,0.613636364,0.636363636,0.636363636,0.636363636,0.681818182,0.704545455,0.693181818,0.636363636,0.647727273,0.670454545,0.568181818,0.448979592,0.333333333
0.8,0.6,0.7,0.7,0.7,0.5,0.8,0.8,0.7,0.7,0.7,0.4,0.5,0.6,0.6,0.75,0.4,0.7,0.585164835,0.333333333
0.5,0.75,0.25,0.75,0.75,0.5,0.75,0.75,0.75,0.75,0.75,0.5,0.75,0.5,0.75,0.75,0.5,0.75,0.417582418,0.333333333
1,0.9375,0.625,0.75,0.75,0.5625,0.5625,0.625,0.75,0.75,0.75,0.6875,0.8125,0.5,0.625,0.75,0.625,0.625,0.315018315,0.333333333
0.612068966,0.594827586,0.663793103,0.663793103,0.663793103,0.577586207,0.74137931,0.75862069,0.681034483,0.681034483,0.672413793,0.50862069,0.655172414,0.577586207,0.50862069,0.715517241,0.5,0.689655172,0.582417582,0.333333333
0.666666667,0.666666667,0.666666667,0.666666667,0.666666667,0.666666667,0.833333333,0.75,0.666666667,0.666666667,0.666666667,0.5,0.416666667,0.583333333,0.583333333,0.666666667,0.5,0.75,0.428571429,0.333333333
0.625,0.625,0.625,0.625,0.625,0.625,0.75,0.875,0.625,0.625,0.625,0.5,0.75,0.5,0.5,0.625,0.5,1,0.412087912,0.333333333
0.75,1,0.75,0.75,0.75,0.5,0.5,0.5,0.75,0.75,0.75,0.75,0.5,0.25,0.75,1,0.75,0.75,0.296703297,0.333333333
0.666666667,0.5,0.583333333,0.916666667,0.916666667,0.666666667,0.583333333,0.5,0.916666667,0.916666667,0.916666667,0.75,0.916666667,0.5,0.75,1,0.75,0.583333333,0.549450549,0.333333333
0.71875,0.59375,0.75,0.6875,0.6875,0.5,0.625,0.59375,0.6875,0.6875,0.6875,0.53125,0.53125,0.84375,0.625,0.6875,0.5625,0.59375,0.500784929,0.333333333
0.5,0.55,0.6,0.7,0.7,0.65,0.8,0.8,0.7,0.7,0.7,0.35,0.6,0.6,0.4,0.7,0.35,0.55,0.442307692,0.333333333
0.560160428,0.655080214,0.68315508,0.725935829,0.725935829,0.699197861,0.620320856,0.628342246,0.736631016,0.736631016,0.731283422,0.659090909,0.712566845,0.588235294,0.624331551,0.727272727,0.653743316,0.558823529,0.465811966,0.333333333
0.85,0.775,0.525,0.8,0.8,0.625,0.525,0.55,0.75,0.75,0.75,0.725,0.725,0.725,0.65,0.8,0.775,0.75,0.440781441,0.333333333
0.628151261,0.691876751,0.62394958,0.620448179,0.620448179,0.68837535,0.62464986,0.62464986,0.630952381,0.630952381,0.62605042,0.68837535,0.658263305,0.612745098,0.602941176,0.614845938,0.683473389,0.557422969,0.435289093,0.333333333
0.75,0.416666667,0.416666667,0.666666667,0.666666667,0.833333333,0.833333333,0.75,0.666666667,0.666666667,0.666666667,0.5,0.583333333,0.583333333,0.5,0.666666667,0.5,0.416666667,0.39010989,0.333333333
0.611226611,0.619412682,0.617073805,0.655015593,0.655015593,0.630847193,0.5997921,0.601221414,0.655405405,0.655405405,0.654235967,0.654235967,0.646049896,0.627988565,0.643191268,0.65787422,0.653586279,0.631237006,0.443241897,0.333333333
0.5,0.5,0.5,0.75,0.75,0.625,0.875,0.75,0.75,0.75,0.75,0.5,0.5,0.625,0.375,0.75,0.5,0.625,0.527472527,0.333333333
0.875,0.8,0.55,0.775,0.775,0.8,0.5,0.55,0.775,0.775,0.775,0.775,0.775,0.55,0.7,0.75,0.775,0.475,0.412698413,0.333333333
0.6125,0.675,0.675,0.7375,0.7375,0.5875,0.775,0.7125,0.75,0.75,0.75,0.525,0.65,0.425,0.5625,0.725,0.525,0.5875,0.345054945,0.333333333
0.5,0.5375,0.5875,0.7,0.7,0.6875,0.7,0.7125,0.675,0.675,0.675,0.575,0.6125,0.5625,0.5125,0.6625,0.575,0.5125,0.342124542,0.333333333
0.715517241,0.75862069,0.715517241,0.612068966,0.612068966,0.577586207,0.568965517,0.586206897,0.637931034,0.637931034,0.629310345,0.612068966,0.612068966,0.534482759,0.655172414,0.603448276,0.612068966,0.629310345,0.382987383,0.333333333
0.625,0.625,0.25,0.75,0.75,0.75,0.875,0.875,0.75,0.75,0.75,0.875,0.625,0.625,0.375,0.75,0.75,0.375,0.478021978,0.333333333
0.625,0.875,0.625,0.875,0.875,0.5,0.75,0.75,0.875,0.875,0.875,0.5,0.375,0.625,0.625,0.875,0.5,1,0.384615385,0.333333333
0.625,0.625,0.625,0.75,0.75,0.75,0.625,0.625,0.625,0.625,0.625,0.625,0.625,0.625,0.625,0.625,0.625,0.375,0.791208791,0.333333333
0.607142857,0.785714286,0.392857143,0.642857143,0.642857143,0.571428571,0.642857143,0.714285714,0.714285714,0.714285714,0.714285714,0.607142857,0.714285714,0.428571429,0.535714286,0.607142857,0.607142857,0.607142857,0.45970696,0.333333333
0.5,0.5,1,0.75,0.75,0.75,0.75,0.5,0.75,0.75,0.75,0.5,0.5,0.75,0.75,0.75,0.5,0.5,0.318681319,0.333333333
0.632653061,0.632653061,0.571428571,0.68877551,0.68877551,0.576530612,0.673469388,0.683673469,0.698979592,0.698979592,0.698979592,0.535714286,0.617346939,0.653061224,0.607142857,0.683673469,0.545918367,0.714285714,0.458982878,0.333333333
0.5,0.714285714,0.642857143,0.75,0.75,0.535714286,0.714285714,0.678571429,0.642857143,0.642857143,0.607142857,0.535714286,0.428571429,0.642857143,0.535714286,0.714285714,0.535714286,0.892857143,0.391941392,0.333333333
0.588235294,0.691176471,0.661764706,0.661764706,0.661764706,0.602941176,0.647058824,0.632352941,0.720588235,0.720588235,0.720588235,0.573529412,0.691176471,0.558823529,0.573529412,0.691176471,0.588235294,0.485294118,0.478021978,0.333333333
0.5625,0.625,0.59375,0.78125,0.78125,0.6875,0.71875,0.71875,0.78125,0.78125,0.78125,0.53125,0.5,0.6875,0.65625,0.78125,0.53125,0.65625,0.486656201,0.333333333
0.533333333,0.533333333,0.716666667,0.666666667,0.666666667,0.7,0.733333333,0.75,0.666666667,0.666666667,0.666666667,0.5,0.683333333,0.633333333,0.5,0.716666667,0.516666667,0.483333333,0.432567433,0.333333333
0.5,0.5,1,0.75,0.75,0.5,0.75,0.5,0.75,0.75,0.75,0.75,0.5,0.25,0.75,0.75,0.75,0.75,0.164835165,0.333333333
0.75,0.625,0.75,0.875,0.875,0.875,0.875,0.625,0.875,0.875,0.875,0.5,0.5,0.875,0.625,0.875,0.5,0.5,0.291208791,0.333333333
0.590909091,0.840909091,0.681818182,0.840909091,0.840909091,0.795454545,0.727272727,0.772727273,0.840909091,0.840909091,0.863636364,0.795454545,0.886363636,0.5,0.431818182,0.840909091,0.795454545,0.568181818,0.563736264,0.333333333
0.75,0.458333333,0.875,0.75,0.75,0.583333333,0.75,0.708333333,0.75,0.75,0.75,0.541666667,0.458333333,0.625,0.541666667,0.75,0.5,0.916666667,0.382417582,0.333333333
0.654761905,0.535714286,0.583333333,0.797619048,0.797619048,0.571428571,0.619047619,0.642857143,0.80952381,0.80952381,0.797619048,0.55952381,0.678571429,0.595238095,0.547619048,0.80952381,0.55952381,0.69047619,0.377747253,0.333333333
0.5,0.5,0.642857143,0.678571429,0.678571429,0.75,0.714285714,0.607142857,0.714285714,0.714285714,0.678571429,0.571428571,0.535714286,0.75,0.607142857,0.75,0.607142857,0.571428571,0.591575092,0.333333333
0.65,0.458333333,0.666666667,0.658333333,0.658333333,0.566666667,0.75,0.683333333,0.666666667,0.666666667,0.633333333,0.475,0.516666667,0.708333333,0.616666667,0.675,0.5,0.6,0.42967033,0.333333333
0.583333333,0.333333333,0.5,0.916666667,0.916666667,0.666666667,0.666666667,0.833333333,0.916666667,0.916666667,0.916666667,0.333333333,0.583333333,0.5,0.333333333,0.916666667,0.333333333,0.416666667,0.505494505,0.366666667
0.5,0.5,0.25,1,1,0.75,1,1,1,1,1,1,1,1,0.25,1,1,0.25,0.527472527,0.366666667
0.25,0.25,0.5,0.75,0.75,1,1,0.75,0.75,0.75,0.75,0.5,0.5,1,0.5,0.75,0.5,0.25,0.604395604,0.366666667
0.75,0.875,0.375,1,1,0.875,0.5,0.5,1,1,1,0.75,0.875,0.875,0.75,1,0.75,0.625,0.428571429,0.4
0.75,1,0.25,1,1,0.75,0.25,0.5,1,1,1,0.75,0.75,1,0.75,1,0.75,0.5,0.395604396,0.4
0.75,1,0.25,0.75,0.75,1,0.25,0.5,0.75,0.75,0.75,1,1,0.25,0.75,0.75,1,0.25,0.285714286,0.4
0.75,1,0.25,1,1,0.5,0.5,0.5,0.75,0.75,0.75,1,1,0.75,0.5,0.75,0.75,0.25,0.395604396,0.4
0.5625,0.6875,0.6875,0.75,0.75,0.625,0.5,0.5,0.75,0.75,0.75,0.6875,0.75,0.6875,0.6875,0.8125,0.6875,0.875,0.483516484,0.433333333
0.75,0.583333333,0.583333333,0.75,0.75,0.666666667,0.5,0.5,0.75,0.75,0.75,0.833333333,0.75,0.583333333,0.75,0.75,0.833333333,0.666666667,0.549450549,0.433333333
0.25,0.375,0.375,0.625,0.625,0.75,0.5,0.5,0.625,0.625,0.625,0.625,0.625,0.625,0.75,0.625,0.625,0.625,0.346153846,0.433333333
0.647058824,0.573529412,0.661764706,0.75,0.75,0.676470588,0.5,0.544117647,0.75,0.75,0.75,0.720588235,0.720588235,0.5,0.661764706,0.75,0.720588235,0.647058824,0.357927786,0.433333333
0.431818182,0.409090909,0.636363636,0.477272727,0.477272727,0.75,0.590909091,0.590909091,0.659090909,0.659090909,0.659090909,0.704545455,0.75,0.795454545,0.659090909,0.477272727,0.704545455,0.613636364,0.326373626,0.433333333
0.5,0.333333333,0.583333333,0.666666667,0.666666667,0.833333333,0.416666667,0.5,0.666666667,0.666666667,0.666666667,0.666666667,0.5,0.75,0.666666667,0.666666667,0.666666667,0.916666667,0.377289377,0.433333333
0.68877551,0.510204082,0.551020408,0.678571429,0.678571429,0.56122449,0.530612245,0.525510204,0.673469388,0.673469388,0.673469388,0.724489796,0.62755102,0.729591837,0.714285714,0.673469388,0.724489796,0.673469388,0.427086427,0.433333333
0.416666667,0.333333333,0.416666667,0.75,0.75,0.583333333,0.5,0.5,0.833333333,0.833333333,0.833333333,0.833333333,0.75,0.583333333,0.75,0.75,0.833333333,0.75,0.318681319,0.433333333
0.25,0.5,0.75,0.75,0.75,0.75,0.5,0.5,1,1,1,0.75,0.75,0.75,0.75,1,0.75,0.25,0.483516484,0.433333333
0.25,0.5,0.75,0.75,0.75,0.75,0.5,0.5,1,1,1,0.75,0.75,0.75,0.75,1,0.75,0.25,0.483516484,0.433333333
0.375,0.5,0.6875,0.5625,0.5625,0.875,0.75,0.6875,0.6875,0.6875,0.5625,0.6875,0.625,0.8125,0.6875,0.6875,0.6875,0.5625,0.565934066,0.433333333
0.5,0.25,0.75,0.75,0.75,1,0.5,0.5,0.75,0.75,0.75,0.75,0.5,1,0.75,0.75,0.75,0.25,0.384615385,0.433333333
0.660377358,0.603773585,0.622641509,0.783018868,0.783018868,0.66509434,0.589622642,0.580188679,0.759433962,0.759433962,0.773584906,0.698113208,0.778301887,0.599056604,0.669811321,0.768867925,0.688679245,0.721698113,0.420210225,0.433333333
0.35,0.4,0.55,0.8,0.8,0.8,0.5,0.5,0.75,0.75,0.75,0.7,0.65,0.55,0.7,0.8,0.65,0.6,0.239010989,0.433333333
0.875,0.375,0.75,0.75,0.75,0.625,0.375,0.375,0.75,0.75,0.75,0.625,0.5,0.625,0.625,0.75,0.625,0.75,0.428571429,0.433333333
0.6875,0.375,0.5,0.875,0.875,0.625,0.625,0.5625,0.875,0.875,0.875,0.5625,0.5625,0.9375,0.75,0.875,0.5625,0.75,0.490842491,0.433333333
0.618902439,0.795731707,0.704268293,0.768292683,0.768292683,0.719512195,0.509146341,0.567073171,0.798780488,0.798780488,0.798780488,0.820121951,0.801829268,0.597560976,0.62804878,0.74695122,0.820121951,0.655487805,0.385234484,0.433333333
0.613636364,0.613636364,0.568181818,0.795454545,0.795454545,0.568181818,0.613636364,0.522727273,0.772727273,0.772727273,0.772727273,0.681818182,0.636363636,0.522727273,0.772727273,0.795454545,0.704545455,0.818181818,0.435564436,0.433333333
0.622665535,0.574702886,0.631154499,0.678268251,0.678268251,0.696095076,0.487266553,0.515280136,0.691850594,0.691850594,0.688455008,0.749151104,0.70713073,0.643463497,0.696095076,0.677843803,0.749151104,0.671901528,0.408913795,0.433333333
0.638888889,0.666666667,0.583333333,0.75,0.75,0.888888889,0.694444444,0.638888889,0.75,0.75,0.75,0.805555556,0.888888889,0.694444444,0.638888889,0.75,0.805555556,0.861111111,0.473901099,0.433333333
0.625,0.68452381,0.571428571,0.75,0.75,0.696428571,0.55952381,0.541666667,0.738095238,0.738095238,0.738095238,0.761904762,0.726190476,0.577380952,0.68452381,0.726190476,0.738095238,0.648809524,0.435358759,0.433333333
0.25,0.25,0.75,1,1,0.75,0.25,0.5,0.75,0.75,0.75,0.75,0.75,0.5,0.75,1,0.75,0.5,0.681318681,0.433333333
0.75,0.6,0.55,0.8,0.8,0.65,0.5,0.4,0.8,0.8,0.8,0.85,0.7,0.6,0.85,0.8,0.8,0.7,0.672527473,0.433333333
0.75,0.525,0.5125,0.725,0.725,0.6125,0.5,0.525,0.7,0.7,0.6875,0.7125,0.65,0.675,0.7375,0.7,0.7,0.65,0.322344322,0.433333333
0.25,0.25,0.75,0.75,0.75,1,0.5,0.5,0.75,0.75,0.75,0.75,0.25,0.75,0.75,0.75,0.75,0.5,0.549450549,0.433333333
0.25,0.416666667,0.666666667,0.833333333,0.833333333,0.916666667,0.583333333,0.583333333,0.833333333,0.833333333,0.833333333,0.75,0.583333333,0.666666667,0.75,0.833333333,0.75,0.75,0.432234432,0.433333333
0.5,0.25,0.25,0.75,0.75,0.75,0.5,0.5,0.75,0.75,1,0.75,0.75,0.5,0.75,1,0.75,1,0.164835165,0.433333333
0.5,0.5,0.5,0.75,0.75,0.75,0.5,0.5,0.75,0.75,0.75,0.75,0.5,0.5,1,0.75,0.75,0.5,0.296703297,0.433333333
0.666666667,0.583333333,0.5,0.416666667,0.416666667,0.666666667,0.5,0.5,0.333333333,0.333333333,0.333333333,0.75,0.416666667,0.666666667,0.75,0.333333333,0.75,0.75,0.417582418,0.466666667
0.5,0.25,0.5,0.5,0.5,0.25,0.75,0.25,0.5,0.5,0.5,0.75,1,0.25,0.75,0.5,0.75,1,0.857142857,0.466666667
0.75,0.625,0.375,0.625,0.625,0.25,0.5,0.5,0.625,0.625,0.625,0.75,1,0.625,0.875,0.625,0.75,0.875,0.642857143,0.466666667
0.75,0.75,0.25,0.25,0.25,0.25,0.5,0.5,0.25,0.25,0.25,0.75,0.5,1,0.75,0.25,0.75,1,0.527472527,0.466666667
0.694444444,0.666666667,0.583333333,0.527777778,0.527777778,0.472222222,0.555555556,0.638888889,0.527777778,0.527777778,0.527777778,0.666666667,0.611111111,0.638888889,0.527777778,0.527777778,0.638888889,0.611111111,0.372252747,0.466666667
0.48630137,0.47260274,0.595890411,0.54109589,0.54109589,0.732876712,0.616438356,0.636986301,0.530821918,0.530821918,0.530821918,0.582191781,0.547945205,0.636986301,0.578767123,0.547945205,0.595890411,0.47260274,0.437901721,0.466666667
0.552631579,0.592105263,0.552631579,0.486842105,0.486842105,0.736842105,0.513157895,0.473684211,0.486842105,0.486842105,0.473684211,0.763157895,0.789473684,0.723684211,0.736842105,0.486842105,0.789473684,0.644736842,0.51717033,0.466666667
0.25,0.5,0.5,0.25,0.25,0.5,0.5,0.75,0.25,0.25,0.25,0.5,0.75,1,0.5,0.25,0.5,1,0.846153846,0.466666667
0.5,0.25,0.5,0.5,0.5,0.25,0.75,0.25,0.5,0.5,0.5,0.75,1,0.25,0.75,0.5,0.75,1,0.857142857,0.466666667
0.533333333,0.566666667,0.566666667,0.466666667,0.466666667,0.566666667,0.6,0.55,0.433333333,0.433333333,0.466666667,0.7,0.55,0.633333333,0.633333333,0.466666667,0.7,0.566666667,0.402366864,0.466666667
0.25,0.25,0.75,0.5,0.5,0.5,0.5,0.5,0.5,0.5,0.5,0.75,0.75,0.75,0.75,0.5,0.75,1,0.32967033,0.466666667
0.75,0.25,0.375,0.625,0.625,0.625,0.375,0.5,0.625,0.625,0.625,0.75,0.625,0.75,0.75,0.625,0.75,0.625,0.417582418,0.466666667
0.75,0.541666667,0.458333333,0.5,0.5,0.666666667,0.541666667,0.5,0.5,0.5,0.541666667,0.75,0.458333333,0.791666667,0.791666667,0.541666667,0.75,0.625,0.50989011,0.466666667
0.556818182,0.621212121,0.609848485,0.537878788,0.537878788,0.632575758,0.674242424,0.662878788,0.53030303,0.53030303,0.53030303,0.549242424,0.511363636,0.575757576,0.575757576,0.556818182,0.556818182,0.522727273,0.72953577,0.466666667
0.6,0.45,0.75,0.45,0.45,0.4,0.6,0.6,0.5,0.5,0.5,0.7,0.7,0.55,0.65,0.45,0.7,0.45,0.311355311,0.466666667
0.25,0.25,0.5,0.5,0.5,0.25,0.5,0.5,0.5,0.5,0.5,0.75,0.25,0.5,0.75,0.5,0.75,0.25,0.428571429,0.466666667
0.875,0.75,0.25,0.625,0.625,0.5,0.5,0.5,0.625,0.625,0.625,0.75,0.75,0.625,0.75,0.5,0.75,0.75,0.549450549,0.466666667
0.472222222,0.666666667,0.5,0.555555556,0.555555556,0.777777778,0.444444444,0.472222222,0.583333333,0.583333333,0.583333333,0.805555556,0.777777778,0.527777778,0.75,0.555555556,0.833333333,0.583333333,0.398351648,0.466666667
0.5,0.75,0.625,0.458333333,0.458333333,0.625,0.583333333,0.625,0.458333333,0.458333333,0.5,0.666666667,0.583333333,0.833333333,0.625,0.5,0.666666667,0.541666667,0.710622711,0.466666667
0.625,0.625,0.5,0.625,0.625,0.375,0.25,0.5,0.625,0.625,0.625,0.75,0.625,0.625,0.75,0.625,0.75,0.5,0.357142857,0.466666667
0.25,0.625,0.875,0.375,0.375,0.375,0.625,0.625,0.375,0.375,0.375,0.625,0.875,0.625,0.75,0.375,0.625,0.75,0.258241758,0.466666667
0.583333333,0.583333333,0.666666667,0.5,0.5,0.333333333,0.666666667,0.583333333,0.5,0.5,0.5,0.666666667,0.75,0.75,0.583333333,0.5,0.583333333,0.666666667,0.395604396,0.466666667
0.5,0.5,0.458333333,0.375,0.375,0.458333333,0.583333333,0.666666667,0.375,0.375,0.375,0.541666667,0.583333333,0.541666667,0.541666667,0.375,0.5,0.5,0.384615385,0.466666667
0.458333333,0.458333333,0.666666667,0.416666667,0.416666667,0.541666667,0.708333333,0.625,0.416666667,0.416666667,0.416666667,0.5,0.458333333,0.625,0.666666667,0.416666667,0.541666667,0.541666667,0.324175824,0.466666667
1,0.75,0.5,0.25,0.25,0.25,0.5,0.25,0.25,0.25,0.25,0.75,0.25,0.75,0.75,0.25,0.75,0.25,0.945054945,0.5
0.25,0.75,0.5,0.25,0.25,1,0.5,0.75,0.25,0.25,0.25,0.75,0.75,1,0.5,0.25,0.75,0.5,0.769230769,0.5
0.25,0.5,0.75,0.25,0.25,1,0.5,0.5,0.25,0.25,0.25,0.75,0.5,0.5,0.75,0.25,0.75,0.75,0.846153846,0.5
0.5,0.5,0.25,0.25,0.25,1,0.25,0.25,0.25,0.25,0.25,1,1,0.75,1,0.25,1,0.25,0.714285714,0.5
0.25,0.75,0.5,0.25,0.25,1,0.25,0.25,0.25,0.25,0.25,1,0.75,0.25,0.75,0.25,1,0.25,0.703296703,0.5
0.75,0.5,0.25,0.25,0.25,1,0.25,0.25,0.25,0.25,0.25,0.75,0.5,0.75,1,0.25,0.75,1,0.417582418,0.533333333
0.5,0.5,0.25,0.25,0.25,0.75,0.5,0.25,0.25,0.25,0.25,0.75,0.5,1,0.75,0.25,0.75,0.75,0.714285714,0.533333333
0.25,0.25,0.25,0.25,0.25,1,0.25,0.5,0.25,0.25,0.25,0.75,0.25,1,0.75,0.25,0.75,0.25,0.021978022,0.533333333
0.75,0.25,0.25,0.25,0.25,1,0.25,0.25,0.25,0.25,0.25,1,0.25,1,1,0.25,1,0.25,0,0.533333333
0.5,0.75,0.75,0.25,0.25,0.25,0.5,0.25,0.25,0.25,0.25,0.75,0.5,0.5,0.75,0.25,0.75,0.75,0.362637363,0.566666667
0.25,0.75,0.5,0.25,0.25,0.25,0.25,0.25,0.25,0.25,0.25,0.75,0.5,0.5,1,0.25,1,0.75,0.285714286,0.566666667
0.5,0.75,0.75,0.25,0.25,0.25,0.5,0.25,0.25,0.25,0.25,0.75,0.5,0.5,0.75,0.25,0.75,0.75,0.362637363,0.566666667
0.25,0.5,1,0.25,0.25,1,0.5,0.5,0.25,0.25,0.25,0.75,0.5,0.75,0.75,0.25,0.75,0.25,0,0.566666667
0.25,0.25,0.75,0.25,0.25,0.25,0.25,0.5,0.25,0.25,0.25,1,0.5,0.25,0.75,0.25,1,0.25,0,0.566666667
1,1,0.75,0.25,0.25,1,1,1,0.25,0.25,0.25,1,1,0.25,0.25,0.25,1,0.25,0.032967033,0.6
0.625,0.625,0.75,0.35,0.35,0.625,0.725,0.675,0.35,0.35,0.35,0.525,0.525,0.525,0.6,0.375,0.525,0.425,0.559218559,0.633333333
0.5,0.75,0.75,0.5,0.5,0.75,0.75,1,0.5,0.5,0.5,0.25,0.75,0.25,0.25,0.5,0.25,0.25,0.241758242,0.633333333
0.833333333,0.666666667,0.75,0.416666667,0.416666667,0.666666667,0.666666667,0.75,0.416666667,0.416666667,0.416666667,0.5,0.416666667,0.833333333,0.5,0.416666667,0.5,0.5,0.527472527,0.633333333
0.65,0.6,0.65,0.5,0.5,0.55,1,0.9,0.5,0.5,0.5,0.3,0.45,0.5,0.35,0.55,0.3,0.55,0.604395604,0.633333333
0.3125,0.5,0.75,0.375,0.375,0.8125,0.875,0.875,0.375,0.375,0.375,0.3125,0.375,0.5,0.375,0.4375,0.3125,0.3125,0.769230769,0.633333333
0.375,0.4375,0.625,0.5,0.5,0.6875,0.875,0.9375,0.5,0.5,0.5,0.375,0.4375,0.5625,0.375,0.5625,0.375,0.25,0.791208791,0.633333333
0.625,0.875,0.75,0.375,0.375,0.625,0.75,0.875,0.375,0.375,0.375,0.5,0.75,0.625,0.375,0.375,0.5,0.375,0.769230769,0.633333333
0.5,0.666666667,0.583333333,0.416666667,0.416666667,0.416666667,0.916666667,0.916666667,0.416666667,0.416666667,0.416666667,0.25,0.5,0.25,0.25,0.5,0.25,0.5,0.428571429,0.633333333
0.75,1,1,0.25,0.25,1,1,1,0.25,0.25,0.25,0.25,0.25,0.5,0.25,0.25,0.25,0.25,0.945054945,0.633333333
0.5,0.625,0.75,0.375,0.375,0.375,0.875,1,0.375,0.375,0.375,0.375,0.5,0.625,0.25,0.375,0.375,0.375,0.769230769,0.633333333
0.625,0.875,0.875,0.5,0.5,0.5,1,0.875,0.5,0.5,0.5,0.25,0.5,0.5,0.25,0.5,0.25,0.5,0.505494505,0.633333333
0.6875,0.75,0.75,0.5,0.5,0.375,0.8125,0.875,0.5,0.5,0.4375,0.25,0.5,0.375,0.3125,0.5,0.3125,0.375,0.245421245,0.633333333
0.35,0.6,0.7,0.35,0.35,0.45,0.85,0.9,0.35,0.35,0.35,0.35,0.5,0.35,0.35,0.4,0.35,0.35,0.604395604,0.633333333
0.5,0.75,0.5,0.583333333,0.583333333,0.5,1,1,0.583333333,0.583333333,0.583333333,0.25,0.5,0.333333333,0.333333333,0.583333333,0.25,0.25,0.582417582,0.633333333
1,1,1,0.5,0.5,0.25,1,1,0.5,0.5,0.5,0.25,0.75,0.25,0.25,0.75,0.25,0.75,0.769230769,0.666666667
0.625,0.625,0.875,0.375,0.375,0.25,1,1,0.5,0.5,0.375,0.25,0.625,0.25,0.25,0.5,0.25,0.625,0.571428571,0.666666667
1,1,1,0.5,0.5,0.25,1,1,0.5,0.5,0.5,0.25,0.75,0.25,0.25,0.5,0.25,0.25,0,0.666666667
1,1,1,0.3,0.3,0.25,1,1,0.3,0.3,0.3,0.25,0.75,0.25,0.25,0.3,0.25,0.85,0.417582418,0.666666667
1,1,1,0.25,0.25,0.25,1,1,0.25,0.25,0.25,0.25,0.5,0.5,0.25,0.25,0.25,0.5,0,0.666666667
1,1,1,0.5,0.5,0.5,1,1,0.5,0.5,0.5,0.25,0.5,0.25,0.25,0.5,0.25,0.25,0.846153846,0.666666667
0.625,0.625,0.875,0.25,0.25,0.375,1,1,0.25,0.25,0.25,0.25,0.5,0.25,0.25,0.25,0.25,0.75,0.417582418,0.666666667
1,1,1,0.5,0.5,0.25,1,1,0.5,0.5,0.5,0.25,0.75,0.25,0.25,0.5,0.25,0.25,0,0.666666667
1,1,1,0.5,0.5,0.25,1,1,0.5,0.5,0.5,0.25,0.75,0.25,0.25,0.5,0.25,0.25,0,0.666666667
1,1,1,0.5,0.5,0.25,1,1,0.5,0.5,0.5,0.25,0.5,0.25,0.25,0.5,0.25,0.5,0,0.666666667
0.75,1,1,0.25,0.25,0.25,1,1,0.25,0.25,0.25,0.25,0.25,0.25,0.25,0.25,0.25,0.25,0,0.666666667
1,1,1,0.5,0.5,0.25,1,1,0.5,0.5,0.5,0.25,0.75,0.25,0.25,0.5,0.25,0.25,0,0.666666667
0.25,0.625,0.875,0.25,0.25,0.25,1,1,0.25,0.25,0.25,0.375,0.5,0.375,0.25,0.25,0.375,0.375,0.296703297,0.7
0.5,0.85,0.65,0.3,0.3,0.3,1,0.85,0.3,0.3,0.3,0.3,0.4,0.65,0.4,0.3,0.3,0.4,0.373626374,0.7
0.75,0.75,0.75,0.25,0.25,0.25,0.5,0.5,0.25,0.25,0.25,0.5,0.75,0.75,0.75,0.25,0.75,0.5,0.362637363,0.7
0.625,0.375,0.75,0.25,0.25,0.25,0.875,0.875,0.25,0.25,0.25,0.375,0.375,0.5,0.375,0.25,0.375,0.25,0.373626374,0.7
0.5,0.875,0.75,0.25,0.25,0.625,0.625,0.625,0.25,0.25,0.25,0.625,0.5,0.25,0.5,0.25,0.625,0.25,0.703296703,0.7
0.375,0.625,0.375,0.25,0.25,0.75,0.625,0.625,0.25,0.25,0.25,0.625,0.5,0.5,0.5,0.25,0.625,0.375,0.423076923,0.7
0.785714286,0.357142857,0.857142857,0.392857143,0.392857143,0.25,0.821428571,0.857142857,0.392857143,0.392857143,0.392857143,0.392857143,0.285714286,0.607142857,0.25,0.428571429,0.392857143,0.392857143,0.266483516,0.7
0.75,0.75,0.625,0.25,0.25,0.625,0.625,0.625,0.25,0.25,0.25,0.625,0.875,0.375,0.5,0.25,0.625,0.875,0.423076923,0.7
0.625,0.75,0.625,0.375,0.375,0.25,0.875,0.875,0.375,0.375,0.375,0.375,0.375,0.5,0.375,0.375,0.375,0.25,0.324175824,0.7
0.5,0.5,0.75,0.375,0.375,0.25,0.625,0.75,0.375,0.375,0.375,0.5,0.375,0.375,0.25,0.375,0.5,0.5,0.428571429,0.7
0.25,0.375,0.75,0.25,0.25,0.25,0.75,0.75,0.25,0.25,0.25,0.5,0.5,0.875,0.375,0.25,0.5,0.25,0.098901099,0.7
0.5,0.75,0.75,0.25,0.25,0.25,0.75,0.5,0.25,0.25,0.25,0.5,0.5,0.5,0.5,0.25,0.5,0.5,0.384615385,0.7
0.25,0.25,0.75,0.25,0.25,0.5,1,1,0.25,0.25,0.25,0.25,0.25,0.25,0.25,0.25,0.25,0.5,0,0.733333333
0.25,0.25,0.75,0.25,0.25,0.5,1,1,0.25,0.25,0.25,0.25,0.25,0.25,0.25,0.25,0.25,0.5,0,0.733333333
0.25,0.25,0.75,0.25,0.25,0.5,1,1,0.25,0.25,0.25,0.25,0.25,0.25,0.25,0.25,0.25,0.5,0,0.733333333
0.25,0.25,0.75,0.25,0.25,0.5,1,1,0.25,0.25,0.25,0.25,0.25,0.25,0.25,0.25,0.25,0.5,0,0.733333333
0.25,0.25,0.75,0.25,0.25,0.5,1,1,0.25,0.25,0.25,0.25,0.25,0.25,0.25,0.25,0.25,0.5,0,0.733333333
0.25,0.25,0.75,0.25,0.25,0.5,1,1,0.25,0.25,0.25,0.25,0.25,0.25,0.25,0.25,0.25,0.5,0,0.733333333
0.5,0.25,0.25,0.25,0.25,0.25,1,1,0.25,0.25,0.25,0.25,0.5,0.25,0.25,0.25,0.25,1,0.527472527,0.733333333
0.25,0.25,0.75,0.25,0.25,0.5,1,1,0.25,0.25,0.25,0.25,0.25,0.25,0.25,0.25,0.25,0.5,0,0.733333333
0.25,0.25,0.75,0.25,0.25,0.5,1,1,0.25,0.25,0.25,0.25,0.25,0.25,0.25,0.25,0.25,0.5,0,0.733333333
0.25,0.25,0.75,0.25,0.25,0.5,1,1,0.25,0.25,0.25,0.25,0.25,0.25,0.25,0.25,0.25,0.5,0,0.733333333
1,1,0.875,0.375,0.375,0.75,0.875,0.875,0.375,0.375,0.375,0.375,0.25,0.75,0.5,0.375,0.375,0.75,0.373626374,0.766666667
1,1,0.75,0.25,0.25,1,1,0.75,0.25,0.25,0.25,0.25,0.25,0.5,0.25,0.25,0.25,1,0,0.766666667
0.75,1,0.5,0.25,0.25,0.5,0.875,0.875,0.375,0.375,0.25,0.375,0.25,0.375,0.375,0.25,0.375,0.375,0.296703297,0.766666667
0.666666667,0.833333333,0.583333333,0.25,0.25,0.5,0.833333333,0.833333333,0.25,0.25,0.25,0.5,0.666666667,0.25,0.25,0.25,0.5,0.25,0.296703297,0.766666667
1,1,0.25,0.25,0.25,1,0.75,1,0.25,0.25,0.25,0.25,0.25,0.25,0.25,0.25,0.25,0.5,0.384615385,0.766666667
0.75,1,0.5,0.25,0.25,0.25,1,1,0.25,0.25,0.25,0.25,0.5,0.25,0.25,0.25,0.25,0.5,0.153846154,0.766666667
1,1,0.25,0.5,0.5,0.5,1,1,0.5,0.5,0.5,0.25,0.25,0.25,0.25,0.5,0.25,0.25,0.395604396,0.766666667
0.75,1,0.5,0.25,0.25,0.25,0.75,0.75,0.5,0.5,0.25,0.5,0.25,0.5,0.5,0.25,0.5,0.5,0.296703297,0.766666667
0.25,0.25,0.75,0.5,0.5,0.25,1,1,0.75,0.75,0.5,0.25,0.5,0.25,0.25,0.75,0.25,0.25,0.725274725,0.8
0.472222222,0.527777778,0.75,0.583333333,0.583333333,0.333333333,1,0.972222222,0.75,0.75,0.611111111,0.25,0.555555556,0.305555556,0.277777778,0.75,0.25,0.277777778,0.65018315,0.8
0.4,0.3,0.8,0.45,0.45,0.4,1,1,0.45,0.45,0.45,0.25,0.3,0.3,0.25,0.45,0.25,0.45,0.626373626,0.8
0.4375,0.375,0.6875,0.625,0.625,0.5,0.9375,1,0.625,0.625,0.625,0.375,0.5625,0.3125,0.3125,0.5625,0.375,0.4375,0.615384615,0.8
0.65,0.3,0.65,0.55,0.55,0.3,1,1,0.6,0.6,0.55,0.25,0.35,0.4,0.25,0.6,0.25,0.3,0.554945055,0.8
0.25,0.25,0.75,0.75,0.75,0.25,1,1,0.75,0.75,0.75,0.25,0.5,0.25,0.25,0.75,0.25,0.25,0.725274725,0.8
0.678571429,0.642857143,0.785714286,0.75,0.75,0.428571429,1,1,0.75,0.75,0.75,0.25,0.535714286,0.285714286,0.25,0.75,0.25,0.5,0.516483516,0.8
0.55,0.55,0.8,0.7,0.7,0.4,1,1,0.7,0.7,0.7,0.25,0.5,0.25,0.25,0.7,0.25,0.45,0.604395604,0.8
0.25,0.25,0.75,0.4375,0.4375,0.3125,1,1,0.4375,0.4375,0.4375,0.25,0.4375,0.25,0.25,0.4375,0.25,0.5,0.747252747,0.8
0.375,0.458333333,0.666666667,0.708333333,0.708333333,0.375,0.875,0.916666667,0.708333333,0.708333333,0.708333333,0.375,0.625,0.333333333,0.333333333,0.708333333,0.375,0.416666667,0.677655678,0.8
0.75,0.25,0.916666667,0.583333333,0.583333333,0.333333333,1,1,0.583333333,0.583333333,0.583333333,0.25,0.333333333,0.25,0.25,0.583333333,0.25,0.5,0.747252747,0.8
0.678571429,0.642857143,0.785714286,0.75,0.75,0.428571429,1,1,0.75,0.75,0.75,0.25,0.535714286,0.285714286,0.25,0.75,0.25,0.5,0.516483516,0.8
0.8125,0.71875,0.71875,0.78125,0.78125,0.75,0.875,0.875,0.78125,0.78125,0.75,0.34375,0.5625,0.65625,0.34375,0.78125,0.34375,0.34375,0.615384615,0.833333333
0.821428571,0.75,0.607142857,0.75,0.75,0.571428571,0.857142857,0.857142857,0.75,0.75,0.678571429,0.392857143,0.535714286,0.392857143,0.392857143,0.75,0.392857143,0.285714286,0.43956044,0.833333333
0.75,0.625,0.5625,0.625,0.625,0.5625,0.96875,0.9375,0.65625,0.65625,0.65625,0.28125,0.4375,0.40625,0.40625,0.6875,0.28125,0.65625,0.617216117,0.833333333
0.5,0.25,0.5,0.75,0.75,0.5,1,1,0.75,0.75,0.75,0.25,0.5,0.25,0.25,0.75,0.25,0.25,0,0.833333333
0.714285714,0.642857143,0.738095238,0.619047619,0.619047619,0.404761905,0.94047619,0.916666667,0.630952381,0.630952381,0.607142857,0.297619048,0.488095238,0.357142857,0.30952381,0.666666667,0.30952381,0.416666667,0.571428571,0.833333333
0.5,0.25,0.875,0.625,0.625,0.75,0.75,0.875,0.625,0.625,0.625,0.5,0.5,0.625,0.375,0.625,0.5,0.375,0,0.833333333
0.5,0.25,0.5,0.75,0.75,0.5,1,1,0.75,0.75,0.75,0.25,0.5,0.25,0.25,0.75,0.25,0.25,0,0.833333333
0.55,0.35,0.8,0.7,0.7,0.55,0.9,0.9,0.7,0.7,0.7,0.3,0.5,0.5,0.3,0.7,0.3,0.4,0.17032967,0.833333333
0.25,0.25,1,0.75,0.75,0.5,1,1,0.75,0.75,0.75,0.25,0.5,0.25,0.25,0.75,0.25,0.25,0.098901099,0.833333333
1,0.75,1,0.75,0.75,0.5,1,1,0.75,0.75,0.75,0.25,0.5,0.5,0.25,0.75,0.25,0.25,0.340659341,0.833333333
0.804347826,0.706521739,0.72826087,0.608695652,0.608695652,0.402173913,0.891304348,0.869565217,0.597826087,0.597826087,0.608695652,0.315217391,0.47826087,0.52173913,0.402173913,0.619565217,0.315217391,0.47826087,0.508634223,0.833333333
0.5,0.75,0.5,0.75,0.75,0.5,1,1,0.75,0.75,0.75,0.25,0.5,0.75,0.5,0.75,0.25,0.5,0.208791209,0.833333333
0.6,0.683333333,0.716666667,0.766666667,0.766666667,0.583333333,0.866666667,0.85,0.75,0.75,0.75,0.433333333,0.65,0.466666667,0.4,0.75,0.416666667,0.466666667,0.593406593,0.833333333
0.725,0.6875,0.7,0.6875,0.6875,0.5125,0.85,0.825,0.675,0.675,0.675,0.4125,0.4625,0.5875,0.4375,0.7,0.425,0.7125,0.423076923,0.833333333
0.625,0.5,0.75,0.625,0.625,0.375,1,1,0.625,0.625,0.625,0.25,0.375,0.25,0.25,0.625,0.25,0.25,0.087912088,0.833333333
0.375,0.25,0.875,0.625,0.625,0.25,0.875,0.75,0.625,0.625,0.625,0.5,0.25,0.625,0.375,0.625,0.375,0.5,0.098901099,0.833333333
0.25,0.25,1,0.75,0.75,0.5,1,1,0.75,0.75,0.75,0.25,0.5,0.25,0.25,0.75,0.25,0.25,0.098901099,0.833333333
0.75,1,0.75,0.75,0.75,0.5,1,1,0.75,0.75,0.5,0.25,0.5,0.5,0.25,0.75,0.25,0.75,0,0.833333333
1,0.75,1,0.75,0.75,0.5,1,1,0.75,0.75,0.75,0.25,0.5,0.5,0.25,0.75,0.25,0.25,0.340659341,0.833333333
0.75,0.25,0.75,0.75,0.75,0.75,0.75,1,0.75,0.75,0.75,0.25,0.5,0.5,0.25,0.75,0.25,0.5,0,0.833333333
0.45,0.475,0.6375,0.65,0.65,0.675,0.8625,0.8625,0.65,0.65,0.6625,0.3875,0.575,0.4125,0.4,0.6625,0.3875,0.3625,0.220695971,0.833333333
0.75,0.725,0.675,0.75,0.75,0.55,0.875,0.875,0.725,0.725,0.725,0.375,0.575,0.575,0.4,0.725,0.4,0.55,0.32967033,0.833333333
0.6875,0.625,0.6875,0.75,0.75,0.5,0.875,0.8125,0.75,0.75,0.75,0.4375,0.5625,0.5,0.4375,0.75,0.4375,0.3125,0.346153846,0.833333333
0.857142857,0.857142857,0.785714286,0.642857143,0.642857143,0.464285714,0.964285714,0.964285714,0.642857143,0.642857143,0.642857143,0.25,0.464285714,0.571428571,0.321428571,0.642857143,0.25,0.678571429,0.373626374,0.833333333
1,0.625,0.75,0.875,0.875,0.5,1,1,0.875,0.875,0.875,0.25,0.625,0.5,0.25,0.875,0.25,0.75,0.340659341,0.833333333
0.625,0.25,0.375,0.625,0.625,0.375,0.875,1,0.625,0.625,0.625,0.375,0.375,0.5,0.375,0.625,0.375,0.375,0.302197802,0.833333333
1,0.75,0.25,0.75,0.75,0.75,0.75,0.5,0.75,0.75,0.75,0.5,0.5,1,0.75,0.75,0.5,1,0.571428571,0.866666667
1,0.75,0.25,0.5,0.5,0.5,0.5,0.75,0.5,0.5,0.5,0.5,0.5,1,0.5,0.5,0.5,1,0.351648352,0.866666667
1,0.25,0.25,0.75,0.75,0.5,0.5,0.75,0.75,0.75,0.75,0.25,0.5,1,0.5,0.75,0.5,1,0,0.866666667
1,0.5,1,0.75,0.75,0.75,1,1,0.75,0.75,0.75,0.25,0.5,0.75,0.5,0.75,0.25,1,0.285714286,0.9
0.75,0.5,1,0.5,0.5,0.5,1,1,0.5,0.5,0.5,0.25,0.75,0.75,0.5,0.5,0.25,0.75,0,0.9
0.5,0.25,1,0.75,0.75,0.75,0.75,0.75,0.75,0.75,0.75,0.5,0.5,1,0.75,0.75,0.5,1,0,0.9
1,0.75,1,0.5,0.5,0.25,0.75,0.75,0.5,0.5,0.5,0.5,0.5,0.75,0.5,0.5,0.5,1,0,0.9
0.66636528,0.654611212,0.631103074,0.626582278,0.626582278,0.584086799,0.698462929,0.692585895,0.623417722,0.623417722,0.620253165,0.559674503,0.601265823,0.584086799,0.561482821,0.636075949,0.549276673,0.623869801,0.429119574,0.933333333
0.636363636,0.522727273,0.607142857,0.597402597,0.597402597,0.623376623,0.646103896,0.613636364,0.594155844,0.594155844,0.597402597,0.568181818,0.594155844,0.564935065,0.63961039,0.62987013,0.581168831,0.542207792,0.39939371,0.933333333
0.7375,0.725,0.65,0.65,0.65,0.525,0.7875,0.7625,0.6625,0.6625,0.6625,0.4625,0.5375,0.6,0.525,0.7125,0.4625,0.6,0.470695971,0.933333333
0.729166667,0.729166667,0.75,0.645833333,0.645833333,0.604166667,0.854166667,0.854166667,0.666666667,0.666666667,0.645833333,0.4375,0.5625,0.75,0.4375,0.625,0.4375,0.604166667,0.542124542,0.933333333
0.622093023,0.51744186,0.540697674,0.581395349,0.581395349,0.540697674,0.604651163,0.61627907,0.546511628,0.546511628,0.558139535,0.622093023,0.581395349,0.523255814,0.598837209,0.610465116,0.622093023,0.534883721,0.357142857,0.933333333
0.75,0.75,0.625,0.5,0.5,0.4375,0.8125,0.875,0.5,0.5,0.5625,0.4375,0.4375,0.8125,0.375,0.5625,0.4375,0.5,0.32967033,0.933333333
0.653225806,0.612903226,0.610215054,0.594086022,0.594086022,0.615591398,0.672043011,0.690860215,0.553763441,0.553763441,0.556451613,0.553763441,0.508064516,0.620967742,0.586021505,0.588709677,0.540322581,0.594086022,0.493576846,0.933333333
0.664705882,0.688235294,0.679411765,0.673529412,0.673529412,0.514705882,0.832352941,0.835294118,0.679411765,0.679411765,0.673529412,0.426470588,0.629411765,0.488235294,0.417647059,0.691176471,0.426470588,0.517647059,0.460739261,0.933333333
0.629310345,0.586206897,0.586206897,0.594827586,0.594827586,0.568965517,0.620689655,0.655172414,0.620689655,0.620689655,0.586206897,0.568965517,0.50862069,0.620689655,0.603448276,0.586206897,0.586206897,0.620689655,0.436215958,0.933333333
0.833333333,0.916666667,0.75,0.666666667,0.666666667,0.583333333,0.666666667,0.666666667,0.583333333,0.583333333,0.666666667,0.583333333,0.583333333,0.5,0.5,0.666666667,0.583333333,0.666666667,0,0.933333333
0.75,0.821428571,0.714285714,0.660714286,0.660714286,0.625,0.821428571,0.767857143,0.660714286,0.660714286,0.642857143,0.553571429,0.660714286,0.571428571,0.446428571,0.660714286,0.553571429,0.464285714,0.401098901,0.933333333
0.75,0.8125,0.71875,0.65625,0.65625,0.53125,0.75,0.71875,0.625,0.625,0.625,0.5,0.5625,0.65625,0.53125,0.6875,0.5,0.6875,0.468131868,0.933333333
0.416666667,0.75,0.5,0.5,0.5,0.666666667,0.75,0.75,0.5,0.5,0.5,0.5,0.5,0.583333333,0.583333333,0.5,0.5,0.583333333,0.428571429,0.933333333
0.583333333,0.583333333,0.583333333,0.583333333,0.583333333,0.75,0.833333333,0.75,0.583333333,0.583333333,0.583333333,0.5,0.5,0.5,0.5,0.583333333,0.5,0.333333333,0.523809524,0.933333333
0.617857143,0.544642857,0.620535714,0.611607143,0.611607143,0.5625,0.610714286,0.614285714,0.608035714,0.608035714,0.602678571,0.611607143,0.615178571,0.591071429,0.639285714,0.611607143,0.608928571,0.661607143,0.428348075,0.933333333
0.560606061,0.537878788,0.666666667,0.53030303,0.53030303,0.606060606,0.681818182,0.689393939,0.53030303,0.53030303,0.53030303,0.553030303,0.492424242,0.606060606,0.537878788,0.537878788,0.545454545,0.598484848,0.354606932,0.933333333
0.480769231,0.557692308,0.711538462,0.5,0.5,0.403846154,0.788461538,0.807692308,0.480769231,0.480769231,0.480769231,0.5,0.576923077,0.538461538,0.384615385,0.519230769,0.5,0.423076923,0.387612388,0.933333333
0.525735294,0.599264706,0.724264706,0.595588235,0.595588235,0.617647059,0.6875,0.680147059,0.595588235,0.595588235,0.588235294,0.533088235,0.617647059,0.580882353,0.577205882,0.610294118,0.551470588,0.511029412,0.357346357,0.933333333
0.875,0.875,0.75,0.5625,0.5625,0.4375,0.875,0.75,0.5625,0.5625,0.5625,0.4375,0.625,0.5625,0.4375,0.625,0.4375,0.5625,0.513736264,0.933333333
0.55,0.8125,0.625,0.525,0.525,0.65,0.775,0.7625,0.525,0.525,0.525,0.525,0.65,0.45,0.425,0.5125,0.525,0.375,0.445741758,0.933333333
0.846153846,0.942307692,0.596153846,0.673076923,0.673076923,0.673076923,0.769230769,0.807692308,0.673076923,0.673076923,0.673076923,0.576923077,0.596153846,0.596153846,0.423076923,0.653846154,0.557692308,0.615384615,0.594976452,0.933333333
0.666666667,0.916666667,0.916666667,0.5,0.5,0.583333333,0.833333333,0.833333333,0.5,0.5,0.5,0.416666667,0.416666667,0.666666667,0.416666667,0.5,0.416666667,0.333333333,0.428571429,0.933333333
0.5,0.833333333,0.666666667,0.5,0.5,0.75,0.833333333,0.833333333,0.5,0.5,0.5,0.416666667,0.583333333,0.416666667,0.416666667,0.5,0.416666667,0.5,0.384615385,0.933333333
0.673076923,0.557692308,0.538461538,0.480769231,0.480769231,0.538461538,0.884615385,0.846153846,0.480769231,0.480769231,0.461538462,0.346153846,0.365384615,0.634615385,0.480769231,0.480769231,0.346153846,0.538461538,0.318681319,0.933333333
0.679487179,0.653846154,0.641025641,0.666666667,0.666666667,0.570512821,0.737179487,0.782051282,0.653846154,0.653846154,0.66025641,0.455128205,0.615384615,0.532051282,0.442307692,0.692307692,0.461538462,0.512820513,0.437788018,0.933333333
0.527777778,0.638888889,0.75,0.611111111,0.611111111,0.583333333,0.694444444,0.666666667,0.638888889,0.638888889,0.611111111,0.583333333,0.611111111,0.611111111,0.555555556,0.638888889,0.583333333,0.388888889,0.403453689,0.933333333
0.75,0.625,0.5,0.5,0.5,0.5625,0.875,0.875,0.5,0.5,0.5,0.375,0.25,0.625,0.4375,0.5,0.375,0.3125,0.428571429,0.933333333
0.75,0.833333333,0.666666667,0.583333333,0.583333333,0.75,0.666666667,0.583333333,0.75,0.75,0.75,0.666666667,0.833333333,0.416666667,0.75,0.583333333,0.583333333,0.833333333,0.296703297,0.933333333
0.608333333,0.620833333,0.616666667,0.579166667,0.579166667,0.695833333,0.591666667,0.625,0.6,0.6,0.5875,0.679166667,0.683333333,0.495833333,0.6125,0.575,0.666666667,0.570833333,0.416666667,0.933333333
0.710732984,0.743455497,0.62565445,0.579842932,0.579842932,0.616492147,0.732984293,0.729057592,0.568062827,0.568062827,0.571989529,0.523560209,0.590314136,0.57460733,0.507853403,0.586387435,0.52486911,0.552356021,0.470509083,0.933333333
1,0.75,0.5,0.5,0.5,0.5,0.75,0.75,0.5,0.5,0.5,0.5,0.75,0.5,0.5,0.5,0.5,0.5,0.714285714,0.933333333
0.58,0.57,0.69,0.54,0.54,0.63,0.69,0.65,0.54,0.54,0.54,0.53,0.56,0.62,0.56,0.54,0.53,0.55,0.500686813,0.933333333
0.519230769,0.548076923,0.701923077,0.605769231,0.605769231,0.605769231,0.701923077,0.721153846,0.605769231,0.605769231,0.596153846,0.528846154,0.644230769,0.682692308,0.538461538,0.625,0.548076923,0.519230769,0.532677848,0.933333333
0.659090909,0.522727273,0.636363636,0.522727273,0.522727273,0.590909091,0.659090909,0.568181818,0.522727273,0.522727273,0.522727273,0.522727273,0.454545455,0.568181818,0.659090909,0.522727273,0.522727273,0.659090909,0.375,0.933333333
0.8125,0.8125,0.65625,0.625,0.625,0.875,0.625,0.75,0.625,0.625,0.625,0.59375,0.75,0.4375,0.5,0.625,0.59375,0.5625,0.6,0.933333333
0.75,0.75,0.75,0.5,0.5,0.25,0.5,0.75,0.5,0.5,0.5,0.75,0.5,0.25,0.25,0.5,0.5,0.75,0.351648352,0.933333333
0.625,0.8125,0.625,0.625,0.625,0.4375,0.8125,0.8125,0.625,0.625,0.625,0.5,0.6875,0.4375,0.375,0.6875,0.5,0.625,0.483516484,0.933333333
0.725,0.85,0.6,0.65,0.65,0.35,0.8,0.825,0.65,0.65,0.65,0.35,0.55,0.425,0.4,0.65,0.375,0.675,0.399725275,0.933333333
0.596153846,0.596153846,0.75,0.576923077,0.576923077,0.653846154,0.673076923,0.692307692,0.576923077,0.576923077,0.576923077,0.596153846,0.615384615,0.442307692,0.519230769,0.576923077,0.596153846,0.403846154,0.470529471,0.933333333
0.554794521,0.52739726,0.595890411,0.585616438,0.585616438,0.626712329,0.657534247,0.674657534,0.578767123,0.578767123,0.575342466,0.537671233,0.544520548,0.705479452,0.575342466,0.589041096,0.551369863,0.530821918,0.466358203,0.933333333
0.579166667,0.645833333,0.675,0.575,0.575,0.583333333,0.6,0.608333333,0.5875,0.5875,0.579166667,0.6625,0.629166667,0.575,0.625,0.566666667,0.654166667,0.641666667,0.408948195,0.933333333
1,0.75,0.25,0.75,0.75,0.5,0.5,0.75,0.5,0.5,0.5,0.75,0.25,0.25,0.5,0.5,0.75,0.25,0.395604396,0.933333333
0.580128205,0.580128205,0.66025641,0.583333333,0.583333333,0.631410256,0.692307692,0.669871795,0.586538462,0.586538462,0.573717949,0.58974359,0.538461538,0.669871795,0.608974359,0.592948718,0.586538462,0.544871795,0.413586414,0.933333333
0.664634146,0.536585366,0.68902439,0.579268293,0.579268293,0.658536585,0.719512195,0.719512195,0.579268293,0.579268293,0.579268293,0.518292683,0.567073171,0.585365854,0.493902439,0.591463415,0.493902439,0.56097561,0.376970855,0.933333333
0.75,0.788461538,0.5,0.576923077,0.576923077,0.576923077,0.653846154,0.653846154,0.576923077,0.576923077,0.576923077,0.615384615,0.653846154,0.634615385,0.557692308,0.596153846,0.615384615,0.788461538,0.487179487,0.933333333
0.833333333,0.916666667,0.666666667,0.5,0.5,0.333333333,0.916666667,0.833333333,0.5,0.5,0.416666667,0.333333333,0.333333333,0.666666667,0.416666667,0.5,0.333333333,0.75,0.527472527,0.933333333
0.75,0.75,0.6875,0.53125,0.53125,0.71875,0.8125,0.84375,0.53125,0.53125,0.59375,0.4375,0.75,0.59375,0.5,0.59375,0.4375,0.5,0.615384615,0.933333333
0.517241379,0.482758621,0.650862069,0.603448276,0.603448276,0.581896552,0.771551724,0.728448276,0.599137931,0.599137931,0.599137931,0.487068966,0.573275862,0.551724138,0.525862069,0.625,0.5,0.487068966,0.492533108,0.933333333
0.580578512,0.609504132,0.595041322,0.601239669,0.601239669,0.634297521,0.640495868,0.603305785,0.601239669,0.601239669,0.605371901,0.675619835,0.652892562,0.605371901,0.632231405,0.601239669,0.67768595,0.595041322,0.431182679,0.933333333
0.614678899,0.625382263,0.638379205,0.646788991,0.646788991,0.601681957,0.697247706,0.70030581,0.642966361,0.642966361,0.641437309,0.551987768,0.607798165,0.606269113,0.532874618,0.659021407,0.54969419,0.536697248,0.446360814,0.933333333
0.5,0.6875,0.625,0.4375,0.4375,0.375,0.8125,0.8125,0.5,0.5,0.4375,0.4375,0.625,0.5625,0.375,0.4375,0.4375,0.625,0.380952381,0.933333333
0.5,0.625,0.5,0.5,0.5,0.625,0.75,0.625,0.5,0.5,0.5,0.5,0.375,0.875,0.75,0.5,0.5,0.75,0.406593407,0.933333333
0.6875,0.6875,0.6875,0.5,0.5,0.4375,0.4375,0.5,0.5,0.5,0.5,0.6875,0.4375,0.625,0.75,0.5,0.6875,0.875,0.321428571,0.933333333
0.75,0.833333333,0.75,0.583333333,0.583333333,0.416666667,0.666666667,0.583333333,0.583333333,0.583333333,0.583333333,0.5,0.583333333,0.583333333,0.666666667,0.583333333,0.5,0.75,0.445054945,0.933333333
0.599025974,0.549512987,0.642857143,0.628246753,0.628246753,0.63961039,0.622564935,0.620941558,0.619318182,0.619318182,0.62012987,0.603084416,0.607142857,0.613636364,0.61525974,0.632305195,0.603896104,0.608766234,0.414585415,0.933333333
0.75,1,0.75,0.5,0.5,0.25,1,0.75,0.5,0.5,0.5,0.5,0.25,0.75,0.5,0.5,0.5,0.5,0.417582418,0.933333333
0.523076923,0.503846154,0.630769231,0.603846154,0.603846154,0.534615385,0.723076923,0.726923077,0.6,0.6,0.588461538,0.507692308,0.55,0.6,0.503846154,0.615384615,0.519230769,0.565384615,0.496703297,0.933333333
0.75,0.75,0.75,0.5,0.5,0.25,0.5,0.75,0.5,0.5,0.5,0.5,0.25,1,0.75,0.5,0.5,0.75,0.769230769,0.933333333
0.625,0.678571429,0.589285714,0.535714286,0.535714286,0.625,0.767857143,0.821428571,0.571428571,0.571428571,0.571428571,0.482142857,0.642857143,0.446428571,0.446428571,0.517857143,0.482142857,0.357142857,0.540903541,0.933333333
0.541666667,0.583333333,0.708333333,0.583333333,0.583333333,0.333333333,0.833333333,0.875,0.5,0.5,0.5,0.416666667,0.458333333,0.833333333,0.375,0.666666667,0.416666667,0.375,0.52014652,0.933333333
0.5,0.25,0.75,0.5,0.5,0.5,0.75,0.5,0.5,0.5,0.5,0.5,0.25,1,0.5,0.5,0.5,0.75,0.351648352,0.933333333
0.661290323,0.85483871,0.717741935,0.60483871,0.60483871,0.532258065,0.89516129,0.870967742,0.60483871,0.60483871,0.60483871,0.39516129,0.540322581,0.459677419,0.403225806,0.620967742,0.39516129,0.483870968,0.363369963,0.933333333
0.625,0.625,0.75,0.5,0.5,0.625,0.625,0.5,0.5,0.5,0.5,0.625,0.375,0.375,0.75,0.625,0.625,0.875,0,0.933333333
0.25,0.25,0.25,0.5,0.5,0.75,0.75,0.75,0.5,0.5,0.5,0.5,0.5,0.75,0.75,0.5,0.5,0.25,0,0.966666667
0.375,0.4375,0.5625,0.5625,0.5625,0.5625,0.75,0.6875,0.5625,0.5625,0.5625,0.4375,0.375,0.5,0.5625,0.5625,0.4375,0.4375,0.227106227,0.966666667
0.333333333,0.5,0.666666667,0.5,0.5,0.583333333,0.833333333,0.75,0.5,0.5,0.5,0.416666667,0.416666667,0.416666667,0.5,0.5,0.416666667,0.333333333,0.346153846,0.966666667
0.5,0.625,0.875,0.5,0.5,0.875,0.75,0.75,0.5,0.5,0.625,0.5,0.625,0.75,0.625,0.625,0.5,0.375,0,0.966666667
0.625,0.625,0.75,0.625,0.625,0.875,0.75,0.75,0.625,0.625,0.625,0.5,0.625,0.5,0.5,0.625,0.5,0.25,0,0.966666667
0.25,0.25,0.75,0.5,0.5,0.75,1,1,0.75,0.75,0.5,0.5,0.5,0.75,0.5,0.75,0.5,0.25,0,0.966666667
0.5,0.472222222,0.666666667,0.527777778,0.527777778,0.583333333,0.861111111,0.805555556,0.527777778,0.527777778,0.527777778,0.444444444,0.583333333,0.361111111,0.444444444,0.555555556,0.472222222,0.333333333,0.269230769,0.966666667
0.25,0.625,0.875,0.625,0.625,0.75,0.75,0.75,0.625,0.625,0.625,0.5,0.5,0.5,0.375,0.625,0.5,0.25,0.417582418,0.966666667
0.625,0.5,0.25,0.5,0.5,0.75,0.875,0.75,0.5,0.5,0.5,0.375,0.25,1,0.5,0.5,0.375,0.25,0.543956044,1
0.5,0.5,0.25,0.75,0.75,0.75,1,0.75,0.75,0.75,0.75,0.5,0.25,1,0.5,0.75,0.5,0.25,0,1
1,0.25,0.25,0.5,0.5,0.5,1,1,0.5,0.5,0.5,0.25,0.25,1,0.5,0.5,0.25,0.5,0.065934066,1
0.625,0.625,0.625,0.5,0.5,0.75,1,1,0.5,0.5,0.5,0.25,0.375,1,0.25,0.5,0.25,0.25,0,1
0.75,0.75,0.25,0.75,0.75,0.75,1,1,0.75,0.75,0.75,0.25,0.25,1,0.25,0.75,0.25,0.25,0,1
